user_id,username,password,role,email
0,OliviaDavis,5e884898da28047151d0e56f8dc6292773603d0d6aabbdd62a11ef721d1542d8,normal,oliviadavis@example.com
1,LoganKing,5e884898da28047151d0e56f8dc6292773603d0d6aabbdd62a11ef721d1542d8,normal,loganking@example.com
2,JacobJohnson,5e884898da28047151d0e56f8dc6292773603d0d6aabbdd62a11ef721d1542d8,normal,jacobjohnson@example.com
3,BenjaminWhite,5e884898da28047151d0e56f8dc6292773603d0d6aabbdd62a11ef721d1542d8,normal,benjaminwhite@example.com
4,MichaelTaylor,5e884898da28047151d0e56f8dc6292773603d0d6aabbdd62a11ef721d1542d8,normal,michaeltaylor@example.com
5,EthanSmith,5e884898da28047151d0e56f8dc6292773603d0d6aabbdd62a11ef721d1542d8,normal,ethansmith@example.com
6,LoganJohnson,5e884898da28047151d0e56f8dc6292773603d0d6aabbdd62a11ef721d1542d8,normal,loganjohnson@example.com
7,NoahWilson,5e884898da28047151d0e56f8dc6292773603d0d6aabbdd62a11ef721d1542d8,normal,noahwilson@example.com
8,MichaelHall,5e884898da28047151d0e56f8dc6292773603d0d6aabbdd62a11ef721d1542d8,normal,michaelhall@example.com
9,EthanWalker,5e884898da28047151d0e56f8dc6292773603d0d6aabbdd62a11ef721d1542d8,normal,ethanwalker@example.com
10,AlexanderGarcia,5e884898da28047151d0e56f8dc6292773603d0d6aabbdd62a11ef721d1542d8,normal,alexandergarcia@example.com
11,LucasDavis,5e884898da28047151d0e56f8dc6292773603d0d6aabbdd62a11ef721d1542d8,normal,lucasdavis@example.com
12,SophiaWilson,5e884898da28047151d0e56f8dc6292773603d0d6aabbdd62a11ef721d1542d8,normal,sophiawilson@example.com
13,EmmaThompson,5e884898da28047151d0e56f8dc6292773603d0d6aabbdd62a11ef721d1542d8,normal,emmathompson@example.com
14,MadisonGarcia,5e884898da28047151d0e56f8dc6292773603d0d6aabbdd62a11ef721d1542d8,normal,madisongarcia@example.com
15,DavidLee,5e884898da28047151d0e56f8dc6292773603d0d6aabbdd62a11ef721d1542d8,normal,davidlee@example.com
16,MichaelMiller,5e884898da28047151d0e56f8dc6292773603d0d6aabbdd62a11ef721d1542d8,normal,michaelmiller@example.com
17,AlexanderAnderson,5e884898da28047151d0e56f8dc6292773603d0d6aabbdd62a11ef721d1542d8,normal,alexanderanderson@example.com
18,EmilyClark,5e884898da28047151d0e56f8dc6292773603d0d6aabbdd62a11ef721d1542d8,normal,emilyclark@example.com
19,JohnLewis,5e884898da28047151d0e56f8dc6292773603d0d6aabbdd62a11ef721d1542d8,normal,johnlewis@example.com
20,LilyClark,5e884898da28047151d0e56f8dc6292773603d0d6aabbdd62a11ef721d1542d8,normal,lilyclark@example.com
21,AvaMoore,5e884898da28047151d0e56f8dc6292773603d0d6aabbdd62a11ef721d1542d8,normal,avamoore@example.com
22,MadisonAnderson,5e884898da28047151d0e56f8dc6292773603d0d6aabbdd62a11ef721d1542d8,normal,madisonanderson@example.com
23,EllaThompson,5e884898da28047151d0e56f8dc6292773603d0d6aabbdd62a11ef721d1542d8,normal,ellathompson@example.com
24,IsabellaGarcia,5e884898da28047151d0e56f8dc6292773603d0d6aabbdd62a11ef721d1542d8,normal,isabellagarcia@example.com
25,GraceThompson,5e884898da28047151d0e56f8dc6292773603d0d6aabbdd62a11ef721d1542d8,normal,gracethompson@example.com
26,SarahClark,5e884898da28047151d0e56f8dc6292773603d0d6aabbdd62a11ef721d1542d8,normal,sarahclark@example.com
27,SarahSmith,5e884898da28047151d0e56f8dc6292773603d0d6aabbdd62a11ef721d1542d8,normal,sarahsmith@example.com
28,DavidAllen,5e884898da28047151d0e56f8dc6292773603d0d6aabbdd62a11ef721d1542d8,normal,davidallen@example.com
29,MatthewMartinez,5e884898da28047151d0e56f8dc6292773603d0d6aabbdd62a11ef721d1542d8,normal,matthewmartinez@example.com
30,AlexanderHarris,5e884898da28047151d0e56f8dc6292773603d0d6aabbdd62a11ef721d1542d8,normal,alexanderharris@example.com
31,IsabellaAnderson,5e884898da28047151d0e56f8dc6292773603d0d6aabbdd62a11ef721d1542d8,normal,isabellaanderson@example.com
32,MatthewMartin,5e884898da28047151d0e56f8dc6292773603d0d6aabbdd62a11ef721d1542d8,normal,matthewmartin@example.com
33,EthanJones,5e884898da28047151d0e56f8dc6292773603d0d6aabbdd62a11ef721d1542d8,normal,ethanjones@example.com
34,LilyYoung,5e884898da28047151d0e56f8dc6292773603d0d6aabbdd62a11ef721d1542d8,normal,lilyyoung@example.com
35,MadisonHarris,5e884898da28047151d0e56f8dc6292773603d0d6aabbdd62a11ef721d1542d8,normal,madisonharris@example.com
36,MiaDavis,5e884898da28047151d0e56f8dc6292773603d0d6aabbdd62a11ef721d1542d8,normal,miadavis@example.com
37,IsabellaLewis,5e884898da28047151d0e56f8dc6292773603d0d6aabbdd62a11ef721d1542d8,normal,isabellalewis@example.com
38,EthanAllen,5e884898da28047151d0e56f8dc6292773603d0d6aabbdd62a11ef721d1542d8,normal,ethanallen@example.com
39,MichaelThomas,5e884898da28047151d0e56f8dc6292773603d0d6aabbdd62a11ef721d1542d8,normal,michaelthomas@example.com
40,MiaLewis,5e884898da28047151d0e56f8dc6292773603d0d6aabbdd62a11ef721d1542d8,normal,mialewis@example.com
41,EmmaKing,5e884898da28047151d0e56f8dc6292773603d0d6aabbdd62a11ef721d1542d8,normal,emmaking@example.com
42,AlexanderHall,5e884898da28047151d0e56f8dc6292773603d0d6aabbdd62a11ef721d1542d8,normal,alexanderhall@example.com
43,LoganYoung,5e884898da28047151d0e56f8dc6292773603d0d6aabbdd62a11ef721d1542d8,normal,loganyoung@example.com
44,WilliamThompson,5e884898da28047151d0e56f8dc6292773603d0d6aabbdd62a11ef721d1542d8,normal,williamthompson@example.com
45,JacobWilliams,5e884898da28047151d0e56f8dc6292773603d0d6aabbdd62a11ef721d1542d8,normal,jacobwilliams@example.com
46,MadisonHall,5e884898da28047151d0e56f8dc6292773603d0d6aabbdd62a11ef721d1542d8,normal,madisonhall@example.com
47,SarahLee,5e884898da28047151d0e56f8dc6292773603d0d6aabbdd62a11ef721d1542d8,normal,sarahlee@example.com
48,EllaKing,5e884898da28047151d0e56f8dc6292773603d0d6aabbdd62a11ef721d1542d8,normal,ellaking@example.com
49,ChloeThompson,5e884898da28047151d0e56f8dc6292773603d0d6aabbdd62a11ef721d1542d8,normal,chloethompson@example.com
50,CalebJackson,5e884898da28047151d0e56f8dc6292773603d0d6aabbdd62a11ef721d1542d8,normal,calebjackson@example.com
51,EllaJohnson,5e884898da28047151d0e56f8dc6292773603d0d6aabbdd62a11ef721d1542d8,normal,ellajohnson@example.com
52,EmilyDavis,5e884898da28047151d0e56f8dc6292773603d0d6aabbdd62a11ef721d1542d8,normal,emilydavis@example.com
53,JamesGarcia,5e884898da28047151d0e56f8dc6292773603d0d6aabbdd62a11ef721d1542d8,normal,jamesgarcia@example.com
54,LilyDavis,5e884898da28047151d0e56f8dc6292773603d0d6aabbdd62a11ef721d1542d8,normal,lilydavis@example.com
55,NoahMartin,5e884898da28047151d0e56f8dc6292773603d0d6aabbdd62a11ef721d1542d8,normal,noahmartin@example.com
56,MadisonMiller,5e884898da28047151d0e56f8dc6292773603d0d6aabbdd62a11ef721d1542d8,normal,madisonmiller@example.com
57,LoganGarcia,5e884898da28047151d0e56f8dc6292773603d0d6aabbdd62a11ef721d1542d8,normal,logangarcia@example.com
58,SophiaMartin,5e884898da28047151d0e56f8dc6292773603d0d6aabbdd62a11ef721d1542d8,normal,sophiamartin@example.com
59,JamesAnderson,5e884898da28047151d0e56f8dc6292773603d0d6aabbdd62a11ef721d1542d8,normal,jamesanderson@example.com
60,JacobAnderson,5e884898da28047151d0e56f8dc6292773603d0d6aabbdd62a11ef721d1542d8,normal,jacobanderson@example.com
61,DanielWhite,5e884898da28047151d0e56f8dc6292773603d0d6aabbdd62a11ef721d1542d8,normal,danielwhite@example.com
62,LoganAnderson,5e884898da28047151d0e56f8dc6292773603d0d6aabbdd62a11ef721d1542d8,normal,logananderson@example.com
63,LoganLewis,5e884898da28047151d0e56f8dc6292773603d0d6aabbdd62a11ef721d1542d8,normal,loganlewis@example.com
64,AlexanderThomas,5e884898da28047151d0e56f8dc6292773603d0d6aabbdd62a11ef721d1542d8,normal,alexanderthomas@example.com
65,MadisonThomas,5e884898da28047151d0e56f8dc6292773603d0d6aabbdd62a11ef721d1542d8,normal,madisonthomas@example.com
66,LucasWright,5e884898da28047151d0e56f8dc6292773603d0d6aabbdd62a11ef721d1542d8,normal,lucaswright@example.com
67,AbigailWilliams,5e884898da28047151d0e56f8dc6292773603d0d6aabbdd62a11ef721d1542d8,normal,abigailwilliams@example.com
68,LoganHarris,5e884898da28047151d0e56f8dc6292773603d0d6aabbdd62a11ef721d1542d8,normal,loganharris@example.com
69,JohnWright,5e884898da28047151d0e56f8dc6292773603d0d6aabbdd62a11ef721d1542d8,normal,johnwright@example.com
70,JamesTaylor,5e884898da28047151d0e56f8dc6292773603d0d6aabbdd62a11ef721d1542d8,normal,jamestaylor@example.com
71,JamesHall,5e884898da28047151d0e56f8dc6292773603d0d6aabbdd62a11ef721d1542d8,normal,jameshall@example.com
72,JacobHall,5e884898da28047151d0e56f8dc6292773603d0d6aabbdd62a11ef721d1542d8,normal,jacobhall@example.com
73,GraceYoung,5e884898da28047151d0e56f8dc6292773603d0d6aabbdd62a11ef721d1542d8,normal,graceyoung@example.com
74,JacobJones,5e884898da28047151d0e56f8dc6292773603d0d6aabbdd62a11ef721d1542d8,normal,jacobjones@example.com
75,BenjaminJohnson,5e884898da28047151d0e56f8dc6292773603d0d6aabbdd62a11ef721d1542d8,normal,benjaminjohnson@example.com
76,EmmaGarcia,5e884898da28047151d0e56f8dc6292773603d0d6aabbdd62a11ef721d1542d8,normal,emmagarcia@example.com
77,JacobMiller,5e884898da28047151d0e56f8dc6292773603d0d6aabbdd62a11ef721d1542d8,normal,jacobmiller@example.com
78,LucasWhite,5e884898da28047151d0e56f8dc6292773603d0d6aabbdd62a11ef721d1542d8,normal,lucaswhite@example.com
79,WilliamClark,5e884898da28047151d0e56f8dc6292773603d0d6aabbdd62a11ef721d1542d8,normal,williamclark@example.com
80,AbigailClark,5e884898da28047151d0e56f8dc6292773603d0d6aabbdd62a11ef721d1542d8,normal,abigailclark@example.com
81,JohnWhite,5e884898da28047151d0e56f8dc6292773603d0d6aabbdd62a11ef721d1542d8,normal,johnwhite@example.com
82,MiaWright,5e884898da28047151d0e56f8dc6292773603d0d6aabbdd62a11ef721d1542d8,normal,miawright@example.com
83,MichaelJackson,5e884898da28047151d0e56f8dc6292773603d0d6aabbdd62a11ef721d1542d8,normal,michaeljackson@example.com
84,AbigailBrown,5e884898da28047151d0e56f8dc6292773603d0d6aabbdd62a11ef721d1542d8,normal,abigailbrown@example.com
85,MichaelMartinez,5e884898da28047151d0e56f8dc6292773603d0d6aabbdd62a11ef721d1542d8,normal,michaelmartinez@example.com
86,EllaGarcia,5e884898da28047151d0e56f8dc6292773603d0d6aabbdd62a11ef721d1542d8,normal,ellagarcia@example.com
87,MichaelMartin,5e884898da28047151d0e56f8dc6292773603d0d6aabbdd62a11ef721d1542d8,normal,michaelmartin@example.com
88,EmmaLewis,5e884898da28047151d0e56f8dc6292773603d0d6aabbdd62a11ef721d1542d8,normal,emmalewis@example.com
89,IsabellaWilson,5e884898da28047151d0e56f8dc6292773603d0d6aabbdd62a11ef721d1542d8,normal,isabellawilson@example.com
90,EllaAnderson,5e884898da28047151d0e56f8dc6292773603d0d6aabbdd62a11ef721d1542d8,normal,ellaanderson@example.com
91,BenjaminRobinson,5e884898da28047151d0e56f8dc6292773603d0d6aabbdd62a11ef721d1542d8,normal,benjaminrobinson@example.com
92,JamesThomas,5e884898da28047151d0e56f8dc6292773603d0d6aabbdd62a11ef721d1542d8,normal,jamesthomas@example.com
93,DavidWhite,5e884898da28047151d0e56f8dc6292773603d0d6aabbdd62a11ef721d1542d8,normal,davidwhite@example.com
94,EllaLewis,5e884898da28047151d0e56f8dc6292773603d0d6aabbdd62a11ef721d1542d8,normal,ellalewis@example.com
95,ChloeYoung,5e884898da28047151d0e56f8dc6292773603d0d6aabbdd62a11ef721d1542d8,normal,chloeyoung@example.com
96,GraceLewis,5e884898da28047151d0e56f8dc6292773603d0d6aabbdd62a11ef721d1542d8,normal,gracelewis@example.com
97,LoganThomas,5e884898da28047151d0e56f8dc6292773603d0d6aabbdd62a11ef721d1542d8,normal,loganthomas@example.com
98,MiaWhite,5e884898da28047151d0e56f8dc6292773603d0d6aabbdd62a11ef721d1542d8,normal,miawhite@example.com
99,EmilyWright,5e884898da28047151d0e56f8dc6292773603d0d6aabbdd62a11ef721d1542d8,normal,emilywright@example.com
100,AbigailLee,5e884898da28047151d0e56f8dc6292773603d0d6aabbdd62a11ef721d1542d8,normal,abigaillee@example.com
101,LilyWright,5e884898da28047151d0e56f8dc6292773603d0d6aabbdd62a11ef721d1542d8,normal,lilywright@example.com
102,JacobRodriguez,5e884898da28047151d0e56f8dc6292773603d0d6aabbdd62a11ef721d1542d8,normal,jacobrodriguez@example.com
103,NoahRobinson,5e884898da28047151d0e56f8dc6292773603d0d6aabbdd62a11ef721d1542d8,normal,noahrobinson@example.com
104,DanielThompson,5e884898da28047151d0e56f8dc6292773603d0d6aabbdd62a11ef721d1542d8,normal,danielthompson@example.com
105,MatthewWilliams,5e884898da28047151d0e56f8dc6292773603d0d6aabbdd62a11ef721d1542d8,normal,matthewwilliams@example.com
106,EllaHarris,5e884898da28047151d0e56f8dc6292773603d0d6aabbdd62a11ef721d1542d8,normal,ellaharris@example.com
107,SophiaRobinson,5e884898da28047151d0e56f8dc6292773603d0d6aabbdd62a11ef721d1542d8,normal,sophiarobinson@example.com
108,AbigailAllen,5e884898da28047151d0e56f8dc6292773603d0d6aabbdd62a11ef721d1542d8,normal,abigailallen@example.com
109,HannahJohnson,5e884898da28047151d0e56f8dc6292773603d0d6aabbdd62a11ef721d1542d8,normal,hannahjohnson@example.com
110,JacobMoore,5e884898da28047151d0e56f8dc6292773603d0d6aabbdd62a11ef721d1542d8,normal,jacobmoore@example.com
111,AbigailDavis,5e884898da28047151d0e56f8dc6292773603d0d6aabbdd62a11ef721d1542d8,normal,abigaildavis@example.com
112,WilliamLewis,5e884898da28047151d0e56f8dc6292773603d0d6aabbdd62a11ef721d1542d8,normal,williamlewis@example.com
113,MadisonJackson,5e884898da28047151d0e56f8dc6292773603d0d6aabbdd62a11ef721d1542d8,normal,madisonjackson@example.com
114,JamesWilson,5e884898da28047151d0e56f8dc6292773603d0d6aabbdd62a11ef721d1542d8,normal,jameswilson@example.com
115,JacobWilson,5e884898da28047151d0e56f8dc6292773603d0d6aabbdd62a11ef721d1542d8,normal,jacobwilson@example.com
116,EmilyWhite,5e884898da28047151d0e56f8dc6292773603d0d6aabbdd62a11ef721d1542d8,normal,emilywhite@example.com
117,LilyWhite,5e884898da28047151d0e56f8dc6292773603d0d6aabbdd62a11ef721d1542d8,normal,lilywhite@example.com
118,MadisonMartinez,5e884898da28047151d0e56f8dc6292773603d0d6aabbdd62a11ef721d1542d8,normal,madisonmartinez@example.com
119,AlexanderMartin,5e884898da28047151d0e56f8dc6292773603d0d6aabbdd62a11ef721d1542d8,normal,alexandermartin@example.com
120,LoganWilson,5e884898da28047151d0e56f8dc6292773603d0d6aabbdd62a11ef721d1542d8,normal,loganwilson@example.com
121,ChloeLewis,5e884898da28047151d0e56f8dc6292773603d0d6aabbdd62a11ef721d1542d8,normal,chloelewis@example.com
122,MadisonMartin,5e884898da28047151d0e56f8dc6292773603d0d6aabbdd62a11ef721d1542d8,normal,madisonmartin@example.com
123,NoahWilliams,5e884898da28047151d0e56f8dc6292773603d0d6aabbdd62a11ef721d1542d8,normal,noahwilliams@example.com
124,MatthewSmith,5e884898da28047151d0e56f8dc6292773603d0d6aabbdd62a11ef721d1542d8,normal,matthewsmith@example.com
125,MatthewBrown,5e884898da28047151d0e56f8dc6292773603d0d6aabbdd62a11ef721d1542d8,normal,matthewbrown@example.com
126,SophiaWilliams,5e884898da28047151d0e56f8dc6292773603d0d6aabbdd62a11ef721d1542d8,normal,sophiawilliams@example.com
127,IsabellaMartin,5e884898da28047151d0e56f8dc6292773603d0d6aabbdd62a11ef721d1542d8,normal,isabellamartin@example.com
128,MatthewTaylor,5e884898da28047151d0e56f8dc6292773603d0d6aabbdd62a11ef721d1542d8,normal,matthewtaylor@example.com
129,EllaThomas,5e884898da28047151d0e56f8dc6292773603d0d6aabbdd62a11ef721d1542d8,normal,ellathomas@example.com
130,BenjaminHarris,5e884898da28047151d0e56f8dc6292773603d0d6aabbdd62a11ef721d1542d8,normal,benjaminharris@example.com
131,EmmaWright,5e884898da28047151d0e56f8dc6292773603d0d6aabbdd62a11ef721d1542d8,normal,emmawright@example.com
132,NoahWalker,5e884898da28047151d0e56f8dc6292773603d0d6aabbdd62a11ef721d1542d8,normal,noahwalker@example.com
133,SophiaSmith,5e884898da28047151d0e56f8dc6292773603d0d6aabbdd62a11ef721d1542d8,normal,sophiasmith@example.com
134,MatthewJones,5e884898da28047151d0e56f8dc6292773603d0d6aabbdd62a11ef721d1542d8,normal,matthewjones@example.com
135,DavidThompson,5e884898da28047151d0e56f8dc6292773603d0d6aabbdd62a11ef721d1542d8,normal,davidthompson@example.com
136,BenjaminTaylor,5e884898da28047151d0e56f8dc6292773603d0d6aabbdd62a11ef721d1542d8,normal,benjamintaylor@example.com
137,MatthewAllen,5e884898da28047151d0e56f8dc6292773603d0d6aabbdd62a11ef721d1542d8,normal,matthewallen@example.com
138,MichaelRobinson,5e884898da28047151d0e56f8dc6292773603d0d6aabbdd62a11ef721d1542d8,normal,michaelrobinson@example.com
139,BenjaminHall,5e884898da28047151d0e56f8dc6292773603d0d6aabbdd62a11ef721d1542d8,normal,benjaminhall@example.com
140,EllaWright,5e884898da28047151d0e56f8dc6292773603d0d6aabbdd62a11ef721d1542d8,normal,ellawright@example.com
141,JacobJackson,5e884898da28047151d0e56f8dc6292773603d0d6aabbdd62a11ef721d1542d8,normal,jacobjackson@example.com
142,JamesMartinez,5e884898da28047151d0e56f8dc6292773603d0d6aabbdd62a11ef721d1542d8,normal,jamesmartinez@example.com
143,JacobMartinez,5e884898da28047151d0e56f8dc6292773603d0d6aabbdd62a11ef721d1542d8,normal,jacobmartinez@example.com
144,LucasKing,5e884898da28047151d0e56f8dc6292773603d0d6aabbdd62a11ef721d1542d8,normal,lucasking@example.com
145,CalebYoung,5e884898da28047151d0e56f8dc6292773603d0d6aabbdd62a11ef721d1542d8,normal,calebyoung@example.com
146,HannahGarcia,5e884898da28047151d0e56f8dc6292773603d0d6aabbdd62a11ef721d1542d8,normal,hannahgarcia@example.com
147,BenjaminJones,5e884898da28047151d0e56f8dc6292773603d0d6aabbdd62a11ef721d1542d8,normal,benjaminjones@example.com
148,JamesMartin,5e884898da28047151d0e56f8dc6292773603d0d6aabbdd62a11ef721d1542d8,normal,jamesmartin@example.com
149,AvaSmith,5e884898da28047151d0e56f8dc6292773603d0d6aabbdd62a11ef721d1542d8,normal,avasmith@example.com
150,AvaClark,5e884898da28047151d0e56f8dc6292773603d0d6aabbdd62a11ef721d1542d8,normal,avaclark@example.com
151,EthanThompson,5e884898da28047151d0e56f8dc6292773603d0d6aabbdd62a11ef721d1542d8,normal,ethanthompson@example.com
152,LucasJohnson,5e884898da28047151d0e56f8dc6292773603d0d6aabbdd62a11ef721d1542d8,normal,lucasjohnson@example.com
153,JacobMartin,5e884898da28047151d0e56f8dc6292773603d0d6aabbdd62a11ef721d1542d8,normal,jacobmartin@example.com
154,NoahLee,5e884898da28047151d0e56f8dc6292773603d0d6aabbdd62a11ef721d1542d8,normal,noahlee@example.com
155,AvaBrown,5e884898da28047151d0e56f8dc6292773603d0d6aabbdd62a11ef721d1542d8,normal,avabrown@example.com
156,BenjaminMiller,5e884898da28047151d0e56f8dc6292773603d0d6aabbdd62a11ef721d1542d8,normal,benjaminmiller@example.com
157,LoganMartinez,5e884898da28047151d0e56f8dc6292773603d0d6aabbdd62a11ef721d1542d8,normal,loganmartinez@example.com
158,JohnJohnson,5e884898da28047151d0e56f8dc6292773603d0d6aabbdd62a11ef721d1542d8,normal,johnjohnson@example.com
159,LoganMartin,5e884898da28047151d0e56f8dc6292773603d0d6aabbdd62a11ef721d1542d8,normal,loganmartin@example.com
160,EllaWilson,5e884898da28047151d0e56f8dc6292773603d0d6aabbdd62a11ef721d1542d8,normal,ellawilson@example.com
161,HannahAnderson,5e884898da28047151d0e56f8dc6292773603d0d6aabbdd62a11ef721d1542d8,normal,hannahanderson@example.com
162,NoahAllen,5e884898da28047151d0e56f8dc6292773603d0d6aabbdd62a11ef721d1542d8,normal,noahallen@example.com
163,SophiaJones,5e884898da28047151d0e56f8dc6292773603d0d6aabbdd62a11ef721d1542d8,normal,sophiajones@example.com
164,MichaelWilliams,5e884898da28047151d0e56f8dc6292773603d0d6aabbdd62a11ef721d1542d8,normal,michaelwilliams@example.com
165,WilliamWright,5e884898da28047151d0e56f8dc6292773603d0d6aabbdd62a11ef721d1542d8,normal,williamwright@example.com
166,SophiaAllen,5e884898da28047151d0e56f8dc6292773603d0d6aabbdd62a11ef721d1542d8,normal,sophiaallen@example.com
167,DavidKing,5e884898da28047151d0e56f8dc6292773603d0d6aabbdd62a11ef721d1542d8,normal,davidking@example.com
168,MatthewRodriguez,5e884898da28047151d0e56f8dc6292773603d0d6aabbdd62a11ef721d1542d8,normal,matthewrodriguez@example.com
169,CalebDavis,5e884898da28047151d0e56f8dc6292773603d0d6aabbdd62a11ef721d1542d8,normal,calebdavis@example.com
170,SarahThompson,5e884898da28047151d0e56f8dc6292773603d0d6aabbdd62a11ef721d1542d8,normal,sarahthompson@example.com
171,MiaKing,5e884898da28047151d0e56f8dc6292773603d0d6aabbdd62a11ef721d1542d8,normal,miaking@example.com
172,ChloeWright,5e884898da28047151d0e56f8dc6292773603d0d6aabbdd62a11ef721d1542d8,normal,chloewright@example.com
173,AvaLee,5e884898da28047151d0e56f8dc6292773603d0d6aabbdd62a11ef721d1542d8,normal,avalee@example.com
174,BenjaminThomas,5e884898da28047151d0e56f8dc6292773603d0d6aabbdd62a11ef721d1542d8,normal,benjaminthomas@example.com
175,MiaJohnson,5e884898da28047151d0e56f8dc6292773603d0d6aabbdd62a11ef721d1542d8,normal,miajohnson@example.com
176,JohnRobinson,5e884898da28047151d0e56f8dc6292773603d0d6aabbdd62a11ef721d1542d8,normal,johnrobinson@example.com
177,AlexanderRobinson,5e884898da28047151d0e56f8dc6292773603d0d6aabbdd62a11ef721d1542d8,normal,alexanderrobinson@example.com
178,MatthewMoore,5e884898da28047151d0e56f8dc6292773603d0d6aabbdd62a11ef721d1542d8,normal,matthewmoore@example.com
179,OliviaYoung,5e884898da28047151d0e56f8dc6292773603d0d6aabbdd62a11ef721d1542d8,normal,oliviayoung@example.com
180,MadisonRobinson,5e884898da28047151d0e56f8dc6292773603d0d6aabbdd62a11ef721d1542d8,normal,madisonrobinson@example.com
181,HannahHall,5e884898da28047151d0e56f8dc6292773603d0d6aabbdd62a11ef721d1542d8,normal,hannahhall@example.com
182,BenjaminRodriguez,5e884898da28047151d0e56f8dc6292773603d0d6aabbdd62a11ef721d1542d8,normal,benjaminrodriguez@example.com
183,WilliamWhite,5e884898da28047151d0e56f8dc6292773603d0d6aabbdd62a11ef721d1542d8,normal,williamwhite@example.com
184,DanielLewis,5e884898da28047151d0e56f8dc6292773603d0d6aabbdd62a11ef721d1542d8,normal,daniellewis@example.com
185,MichaelSmith,5e884898da28047151d0e56f8dc6292773603d0d6aabbdd62a11ef721d1542d8,normal,michaelsmith@example.com
186,AbigailWhite,5e884898da28047151d0e56f8dc6292773603d0d6aabbdd62a11ef721d1542d8,normal,abigailwhite@example.com
187,AvaDavis,5e884898da28047151d0e56f8dc6292773603d0d6aabbdd62a11ef721d1542d8,normal,avadavis@example.com
188,MichaelBrown,5e884898da28047151d0e56f8dc6292773603d0d6aabbdd62a11ef721d1542d8,normal,michaelbrown@example.com
189,ChloeWhite,5e884898da28047151d0e56f8dc6292773603d0d6aabbdd62a11ef721d1542d8,normal,chloewhite@example.com
190,EmilyKing,5e884898da28047151d0e56f8dc6292773603d0d6aabbdd62a11ef721d1542d8,normal,emilyking@example.com
191,HannahMiller,5e884898da28047151d0e56f8dc6292773603d0d6aabbdd62a11ef721d1542d8,normal,hannahmiller@example.com
192,IsabellaRobinson,5e884898da28047151d0e56f8dc6292773603d0d6aabbdd62a11ef721d1542d8,normal,isabellarobinson@example.com
193,NoahRodriguez,5e884898da28047151d0e56f8dc6292773603d0d6aabbdd62a11ef721d1542d8,normal,noahrodriguez@example.com
194,OliviaGarcia,5e884898da28047151d0e56f8dc6292773603d0d6aabbdd62a11ef721d1542d8,normal,oliviagarcia@example.com
195,LilyJohnson,5e884898da28047151d0e56f8dc6292773603d0d6aabbdd62a11ef721d1542d8,normal,lilyjohnson@example.com
196,SophiaRodriguez,5e884898da28047151d0e56f8dc6292773603d0d6aabbdd62a11ef721d1542d8,normal,sophiarodriguez@example.com
197,SarahKing,5e884898da28047151d0e56f8dc6292773603d0d6aabbdd62a11ef721d1542d8,normal,sarahking@example.com
198,EllaMartinez,5e884898da28047151d0e56f8dc6292773603d0d6aabbdd62a11ef721d1542d8,normal,ellamartinez@example.com
199,AlexanderWilliams,5e884898da28047151d0e56f8dc6292773603d0d6aabbdd62a11ef721d1542d8,normal,alexanderwilliams@example.com
200,NoahMoore,5e884898da28047151d0e56f8dc6292773603d0d6aabbdd62a11ef721d1542d8,normal,noahmoore@example.com
201,MadisonWilliams,5e884898da28047151d0e56f8dc6292773603d0d6aabbdd62a11ef721d1542d8,normal,madisonwilliams@example.com
202,EllaMartin,5e884898da28047151d0e56f8dc6292773603d0d6aabbdd62a11ef721d1542d8,normal,ellamartin@example.com
203,LucasGarcia,5e884898da28047151d0e56f8dc6292773603d0d6aabbdd62a11ef721d1542d8,normal,lucasgarcia@example.com
204,SophiaMoore,5e884898da28047151d0e56f8dc6292773603d0d6aabbdd62a11ef721d1542d8,normal,sophiamoore@example.com
205,OliviaLewis,5e884898da28047151d0e56f8dc6292773603d0d6aabbdd62a11ef721d1542d8,normal,olivialewis@example.com
206,DavidYoung,5e884898da28047151d0e56f8dc6292773603d0d6aabbdd62a11ef721d1542d8,normal,davidyoung@example.com
207,IsabellaWilliams,5e884898da28047151d0e56f8dc6292773603d0d6aabbdd62a11ef721d1542d8,normal,isabellawilliams@example.com
208,MichaelJones,5e884898da28047151d0e56f8dc6292773603d0d6aabbdd62a11ef721d1542d8,normal,michaeljones@example.com
209,LucasAnderson,5e884898da28047151d0e56f8dc6292773603d0d6aabbdd62a11ef721d1542d8,normal,lucasanderson@example.com
210,JohnAnderson,5e884898da28047151d0e56f8dc6292773603d0d6aabbdd62a11ef721d1542d8,normal,johnanderson@example.com
211,MichaelAllen,5e884898da28047151d0e56f8dc6292773603d0d6aabbdd62a11ef721d1542d8,normal,michaelallen@example.com
212,EthanYoung,5e884898da28047151d0e56f8dc6292773603d0d6aabbdd62a11ef721d1542d8,normal,ethanyoung@example.com
213,AlexanderSmith,5e884898da28047151d0e56f8dc6292773603d0d6aabbdd62a11ef721d1542d8,normal,alexandersmith@example.com
214,AlexanderBrown,5e884898da28047151d0e56f8dc6292773603d0d6aabbdd62a11ef721d1542d8,normal,alexanderbrown@example.com
215,JamesRobinson,5e884898da28047151d0e56f8dc6292773603d0d6aabbdd62a11ef721d1542d8,normal,jamesrobinson@example.com
216,MadisonSmith,5e884898da28047151d0e56f8dc6292773603d0d6aabbdd62a11ef721d1542d8,normal,madisonsmith@example.com
217,DavidGarcia,5e884898da28047151d0e56f8dc6292773603d0d6aabbdd62a11ef721d1542d8,normal,davidgarcia@example.com
218,LucasHarris,5e884898da28047151d0e56f8dc6292773603d0d6aabbdd62a11ef721d1542d8,normal,lucasharris@example.com
219,MadisonWalker,5e884898da28047151d0e56f8dc6292773603d0d6aabbdd62a11ef721d1542d8,normal,madisonwalker@example.com
220,LoganRobinson,5e884898da28047151d0e56f8dc6292773603d0d6aabbdd62a11ef721d1542d8,normal,loganrobinson@example.com
221,MatthewJackson,5e884898da28047151d0e56f8dc6292773603d0d6aabbdd62a11ef721d1542d8,normal,matthewjackson@example.com
222,MiaGarcia,5e884898da28047151d0e56f8dc6292773603d0d6aabbdd62a11ef721d1542d8,normal,miagarcia@example.com
223,JohnHarris,5e884898da28047151d0e56f8dc6292773603d0d6aabbdd62a11ef721d1542d8,normal,johnharris@example.com
224,LucasTaylor,5e884898da28047151d0e56f8dc6292773603d0d6aabbdd62a11ef721d1542d8,normal,lucastaylor@example.com
225,HannahWilson,5e884898da28047151d0e56f8dc6292773603d0d6aabbdd62a11ef721d1542d8,normal,hannahwilson@example.com
226,DavidLewis,5e884898da28047151d0e56f8dc6292773603d0d6aabbdd62a11ef721d1542d8,normal,davidlewis@example.com
227,MiaAnderson,5e884898da28047151d0e56f8dc6292773603d0d6aabbdd62a11ef721d1542d8,normal,miaanderson@example.com
228,LucasHall,5e884898da28047151d0e56f8dc6292773603d0d6aabbdd62a11ef721d1542d8,normal,lucashall@example.com
229,BenjaminJackson,5e884898da28047151d0e56f8dc6292773603d0d6aabbdd62a11ef721d1542d8,normal,benjaminjackson@example.com
230,AlexanderTaylor,5e884898da28047151d0e56f8dc6292773603d0d6aabbdd62a11ef721d1542d8,normal,alexandertaylor@example.com
231,JohnHall,5e884898da28047151d0e56f8dc6292773603d0d6aabbdd62a11ef721d1542d8,normal,johnhall@example.com
232,BenjaminMartinez,5e884898da28047151d0e56f8dc6292773603d0d6aabbdd62a11ef721d1542d8,normal,benjaminmartinez@example.com
233,AlexanderLee,5e884898da28047151d0e56f8dc6292773603d0d6aabbdd62a11ef721d1542d8,normal,alexanderlee@example.com
234,JamesWilliams,5e884898da28047151d0e56f8dc6292773603d0d6aabbdd62a11ef721d1542d8,normal,jameswilliams@example.com
235,EmmaJohnson,5e884898da28047151d0e56f8dc6292773603d0d6aabbdd62a11ef721d1542d8,normal,emmajohnson@example.com
236,BenjaminMartin,5e884898da28047151d0e56f8dc6292773603d0d6aabbdd62a11ef721d1542d8,normal,benjaminmartin@example.com
237,JohnJones,5e884898da28047151d0e56f8dc6292773603d0d6aabbdd62a11ef721d1542d8,normal,johnjones@example.com
238,DavidHarris,5e884898da28047151d0e56f8dc6292773603d0d6aabbdd62a11ef721d1542d8,normal,davidharris@example.com
239,EthanLewis,5e884898da28047151d0e56f8dc6292773603d0d6aabbdd62a11ef721d1542d8,normal,ethanlewis@example.com
240,LucasMiller,5e884898da28047151d0e56f8dc6292773603d0d6aabbdd62a11ef721d1542d8,normal,lucasmiller@example.com
241,AlexanderJones,5e884898da28047151d0e56f8dc6292773603d0d6aabbdd62a11ef721d1542d8,normal,alexanderjones@example.com
242,LoganWilliams,5e884898da28047151d0e56f8dc6292773603d0d6aabbdd62a11ef721d1542d8,normal,loganwilliams@example.com
243,LilyGarcia,5e884898da28047151d0e56f8dc6292773603d0d6aabbdd62a11ef721d1542d8,normal,lilygarcia@example.com
244,NoahJackson,5e884898da28047151d0e56f8dc6292773603d0d6aabbdd62a11ef721d1542d8,normal,noahjackson@example.com
245,MiaHarris,5e884898da28047151d0e56f8dc6292773603d0d6aabbdd62a11ef721d1542d8,normal,miaharris@example.com
246,JohnMiller,5e884898da28047151d0e56f8dc6292773603d0d6aabbdd62a11ef721d1542d8,normal,johnmiller@example.com
247,GraceKing,5e884898da28047151d0e56f8dc6292773603d0d6aabbdd62a11ef721d1542d8,normal,graceking@example.com
248,IsabellaTaylor,5e884898da28047151d0e56f8dc6292773603d0d6aabbdd62a11ef721d1542d8,normal,isabellataylor@example.com
249,MichaelMoore,5e884898da28047151d0e56f8dc6292773603d0d6aabbdd62a11ef721d1542d8,normal,michaelmoore@example.com
250,EmilyAnderson,5e884898da28047151d0e56f8dc6292773603d0d6aabbdd62a11ef721d1542d8,normal,emilyanderson@example.com
251,IsabellaHall,5e884898da28047151d0e56f8dc6292773603d0d6aabbdd62a11ef721d1542d8,normal,isabellahall@example.com
252,LilyAnderson,5e884898da28047151d0e56f8dc6292773603d0d6aabbdd62a11ef721d1542d8,normal,lilyanderson@example.com
253,MiaTaylor,5e884898da28047151d0e56f8dc6292773603d0d6aabbdd62a11ef721d1542d8,normal,miataylor@example.com
254,MadisonDavis,5e884898da28047151d0e56f8dc6292773603d0d6aabbdd62a11ef721d1542d8,normal,madisondavis@example.com
255,MiaHall,5e884898da28047151d0e56f8dc6292773603d0d6aabbdd62a11ef721d1542d8,normal,miahall@example.com
256,IsabellaJones,5e884898da28047151d0e56f8dc6292773603d0d6aabbdd62a11ef721d1542d8,normal,isabellajones@example.com
257,JamesSmith,5e884898da28047151d0e56f8dc6292773603d0d6aabbdd62a11ef721d1542d8,normal,jamessmith@example.com
258,JacobClark,5e884898da28047151d0e56f8dc6292773603d0d6aabbdd62a11ef721d1542d8,normal,jacobclark@example.com
259,SarahLewis,5e884898da28047151d0e56f8dc6292773603d0d6aabbdd62a11ef721d1542d8,normal,sarahlewis@example.com
260,LucasThomas,5e884898da28047151d0e56f8dc6292773603d0d6aabbdd62a11ef721d1542d8,normal,lucasthomas@example.com
261,JacobBrown,5e884898da28047151d0e56f8dc6292773603d0d6aabbdd62a11ef721d1542d8,normal,jacobbrown@example.com
262,JamesWalker,5e884898da28047151d0e56f8dc6292773603d0d6aabbdd62a11ef721d1542d8,normal,jameswalker@example.com
263,JacobWalker,5e884898da28047151d0e56f8dc6292773603d0d6aabbdd62a11ef721d1542d8,normal,jacobwalker@example.com
264,JohnThomas,5e884898da28047151d0e56f8dc6292773603d0d6aabbdd62a11ef721d1542d8,normal,johnthomas@example.com
265,OliviaWright,5e884898da28047151d0e56f8dc6292773603d0d6aabbdd62a11ef721d1542d8,normal,oliviawright@example.com
266,MiaMiller,5e884898da28047151d0e56f8dc6292773603d0d6aabbdd62a11ef721d1542d8,normal,miamiller@example.com
267,LoganBrown,5e884898da28047151d0e56f8dc6292773603d0d6aabbdd62a11ef721d1542d8,normal,loganbrown@example.com
268,LoganWalker,5e884898da28047151d0e56f8dc6292773603d0d6aabbdd62a11ef721d1542d8,normal,loganwalker@example.com
269,AvaWhite,5e884898da28047151d0e56f8dc6292773603d0d6aabbdd62a11ef721d1542d8,normal,avawhite@example.com
270,SarahHarris,5e884898da28047151d0e56f8dc6292773603d0d6aabbdd62a11ef721d1542d8,normal,sarahharris@example.com
271,ChloeKing,5e884898da28047151d0e56f8dc6292773603d0d6aabbdd62a11ef721d1542d8,normal,chloeking@example.com
272,EmilyTaylor,5e884898da28047151d0e56f8dc6292773603d0d6aabbdd62a11ef721d1542d8,normal,emilytaylor@example.com
273,JohnRodriguez,5e884898da28047151d0e56f8dc6292773603d0d6aabbdd62a11ef721d1542d8,normal,johnrodriguez@example.com
274,HannahMartinez,5e884898da28047151d0e56f8dc6292773603d0d6aabbdd62a11ef721d1542d8,normal,hannahmartinez@example.com
275,AlexanderRodriguez,5e884898da28047151d0e56f8dc6292773603d0d6aabbdd62a11ef721d1542d8,normal,alexanderrodriguez@example.com
276,EmilyHall,5e884898da28047151d0e56f8dc6292773603d0d6aabbdd62a11ef721d1542d8,normal,emilyhall@example.com
277,LilyHall,5e884898da28047151d0e56f8dc6292773603d0d6aabbdd62a11ef721d1542d8,normal,lilyhall@example.com
278,ChloeJohnson,5e884898da28047151d0e56f8dc6292773603d0d6aabbdd62a11ef721d1542d8,normal,chloejohnson@example.com
279,IsabellaThomas,5e884898da28047151d0e56f8dc6292773603d0d6aabbdd62a11ef721d1542d8,normal,isabellathomas@example.com
280,JamesLee,5e884898da28047151d0e56f8dc6292773603d0d6aabbdd62a11ef721d1542d8,normal,jameslee@example.com
281,JacobLee,5e884898da28047151d0e56f8dc6292773603d0d6aabbdd62a11ef721d1542d8,normal,jacoblee@example.com
282,LoganTaylor,5e884898da28047151d0e56f8dc6292773603d0d6aabbdd62a11ef721d1542d8,normal,logantaylor@example.com
283,OliviaWhite,5e884898da28047151d0e56f8dc6292773603d0d6aabbdd62a11ef721d1542d8,normal,oliviawhite@example.com
284,EmilyMiller,5e884898da28047151d0e56f8dc6292773603d0d6aabbdd62a11ef721d1542d8,normal,emilymiller@example.com
285,MiaThomas,5e884898da28047151d0e56f8dc6292773603d0d6aabbdd62a11ef721d1542d8,normal,miathomas@example.com
286,LucasWilson,5e884898da28047151d0e56f8dc6292773603d0d6aabbdd62a11ef721d1542d8,normal,lucaswilson@example.com
287,LoganHall,5e884898da28047151d0e56f8dc6292773603d0d6aabbdd62a11ef721d1542d8,normal,loganhall@example.com
288,LoganLee,5e884898da28047151d0e56f8dc6292773603d0d6aabbdd62a11ef721d1542d8,normal,loganlee@example.com
289,LilyMiller,5e884898da28047151d0e56f8dc6292773603d0d6aabbdd62a11ef721d1542d8,normal,lilymiller@example.com
290,MadisonMoore,5e884898da28047151d0e56f8dc6292773603d0d6aabbdd62a11ef721d1542d8,normal,madisonmoore@example.com
291,JohnWilson,5e884898da28047151d0e56f8dc6292773603d0d6aabbdd62a11ef721d1542d8,normal,johnwilson@example.com
292,IsabellaRodriguez,5e884898da28047151d0e56f8dc6292773603d0d6aabbdd62a11ef721d1542d8,normal,isabellarodriguez@example.com
293,EllaWilliams,5e884898da28047151d0e56f8dc6292773603d0d6aabbdd62a11ef721d1542d8,normal,ellawilliams@example.com
294,JamesAllen,5e884898da28047151d0e56f8dc6292773603d0d6aabbdd62a11ef721d1542d8,normal,jamesallen@example.com
295,JacobAllen,5e884898da28047151d0e56f8dc6292773603d0d6aabbdd62a11ef721d1542d8,normal,jacoballen@example.com
296,SarahMiller,5e884898da28047151d0e56f8dc6292773603d0d6aabbdd62a11ef721d1542d8,normal,sarahmiller@example.com
297,DavidWright,5e884898da28047151d0e56f8dc6292773603d0d6aabbdd62a11ef721d1542d8,normal,davidwright@example.com
298,LoganAllen,5e884898da28047151d0e56f8dc6292773603d0d6aabbdd62a11ef721d1542d8,normal,loganallen@example.com
299,GraceGarcia,5e884898da28047151d0e56f8dc6292773603d0d6aabbdd62a11ef721d1542d8,normal,gracegarcia@example.com
300,EmilyThomas,5e884898da28047151d0e56f8dc6292773603d0d6aabbdd62a11ef721d1542d8,normal,emilythomas@example.com
301,LilyThomas,5e884898da28047151d0e56f8dc6292773603d0d6aabbdd62a11ef721d1542d8,normal,lilythomas@example.com
302,NoahThompson,5e884898da28047151d0e56f8dc6292773603d0d6aabbdd62a11ef721d1542d8,normal,noahthompson@example.com
303,AbigailYoung,5e884898da28047151d0e56f8dc6292773603d0d6aabbdd62a11ef721d1542d8,normal,abigailyoung@example.com
304,MiaWilson,5e884898da28047151d0e56f8dc6292773603d0d6aabbdd62a11ef721d1542d8,normal,miawilson@example.com
305,GraceAnderson,5e884898da28047151d0e56f8dc6292773603d0d6aabbdd62a11ef721d1542d8,normal,graceanderson@example.com
306,SarahThomas,5e884898da28047151d0e56f8dc6292773603d0d6aabbdd62a11ef721d1542d8,normal,sarahthomas@example.com
307,SophiaThompson,5e884898da28047151d0e56f8dc6292773603d0d6aabbdd62a11ef721d1542d8,normal,sophiathompson@example.com
308,WilliamGarcia,5e884898da28047151d0e56f8dc6292773603d0d6aabbdd62a11ef721d1542d8,normal,williamgarcia@example.com
309,EthanWhite,5e884898da28047151d0e56f8dc6292773603d0d6aabbdd62a11ef721d1542d8,normal,ethanwhite@example.com
310,LoganRodriguez,5e884898da28047151d0e56f8dc6292773603d0d6aabbdd62a11ef721d1542d8,normal,loganrodriguez@example.com
311,AbigailGarcia,5e884898da28047151d0e56f8dc6292773603d0d6aabbdd62a11ef721d1542d8,normal,abigailgarcia@example.com
312,EmmaHall,5e884898da28047151d0e56f8dc6292773603d0d6aabbdd62a11ef721d1542d8,normal,emmahall@example.com
313,JamesMoore,5e884898da28047151d0e56f8dc6292773603d0d6aabbdd62a11ef721d1542d8,normal,jamesmoore@example.com
314,EmilyWilson,5e884898da28047151d0e56f8dc6292773603d0d6aabbdd62a11ef721d1542d8,normal,emilywilson@example.com
315,LucasMartinez,5e884898da28047151d0e56f8dc6292773603d0d6aabbdd62a11ef721d1542d8,normal,lucasmartinez@example.com
316,JohnJackson,5e884898da28047151d0e56f8dc6292773603d0d6aabbdd62a11ef721d1542d8,normal,johnjackson@example.com
317,EmmaJones,5e884898da28047151d0e56f8dc6292773603d0d6aabbdd62a11ef721d1542d8,normal,emmajones@example.com
318,ChloeGarcia,5e884898da28047151d0e56f8dc6292773603d0d6aabbdd62a11ef721d1542d8,normal,chloegarcia@example.com
319,EllaTaylor,5e884898da28047151d0e56f8dc6292773603d0d6aabbdd62a11ef721d1542d8,normal,ellataylor@example.com
320,WilliamAnderson,5e884898da28047151d0e56f8dc6292773603d0d6aabbdd62a11ef721d1542d8,normal,williamanderson@example.com
321,JohnMartinez,5e884898da28047151d0e56f8dc6292773603d0d6aabbdd62a11ef721d1542d8,normal,johnmartinez@example.com
322,LucasMartin,5e884898da28047151d0e56f8dc6292773603d0d6aabbdd62a11ef721d1542d8,normal,lucasmartin@example.com
323,LoganMoore,5e884898da28047151d0e56f8dc6292773603d0d6aabbdd62a11ef721d1542d8,normal,loganmoore@example.com
324,EllaHall,5e884898da28047151d0e56f8dc6292773603d0d6aabbdd62a11ef721d1542d8,normal,ellahall@example.com
325,EmmaMiller,5e884898da28047151d0e56f8dc6292773603d0d6aabbdd62a11ef721d1542d8,normal,emmamiller@example.com
326,GraceHall,5e884898da28047151d0e56f8dc6292773603d0d6aabbdd62a11ef721d1542d8,normal,gracehall@example.com
327,AbigailLewis,5e884898da28047151d0e56f8dc6292773603d0d6aabbdd62a11ef721d1542d8,normal,abigaillewis@example.com
328,CalebKing,5e884898da28047151d0e56f8dc6292773603d0d6aabbdd62a11ef721d1542d8,normal,calebking@example.com
329,GraceJones,5e884898da28047151d0e56f8dc6292773603d0d6aabbdd62a11ef721d1542d8,normal,gracejones@example.com
330,MatthewClark,5e884898da28047151d0e56f8dc6292773603d0d6aabbdd62a11ef721d1542d8,normal,matthewclark@example.com
331,CalebJohnson,5e884898da28047151d0e56f8dc6292773603d0d6aabbdd62a11ef721d1542d8,normal,calebjohnson@example.com
332,WilliamHarris,5e884898da28047151d0e56f8dc6292773603d0d6aabbdd62a11ef721d1542d8,normal,williamharris@example.com
333,AbigailHarris,5e884898da28047151d0e56f8dc6292773603d0d6aabbdd62a11ef721d1542d8,normal,abigailharris@example.com
334,IsabellaJackson,5e884898da28047151d0e56f8dc6292773603d0d6aabbdd62a11ef721d1542d8,normal,isabellajackson@example.com
335,DavidBrown,5e884898da28047151d0e56f8dc6292773603d0d6aabbdd62a11ef721d1542d8,normal,davidbrown@example.com
336,HannahRobinson,5e884898da28047151d0e56f8dc6292773603d0d6aabbdd62a11ef721d1542d8,normal,hannahrobinson@example.com
337,ChloeHarris,5e884898da28047151d0e56f8dc6292773603d0d6aabbdd62a11ef721d1542d8,normal,chloeharris@example.com
338,DanielJohnson,5e884898da28047151d0e56f8dc6292773603d0d6aabbdd62a11ef721d1542d8,normal,danieljohnson@example.com
339,WilliamTaylor,5e884898da28047151d0e56f8dc6292773603d0d6aabbdd62a11ef721d1542d8,normal,williamtaylor@example.com
340,MiaMartinez,5e884898da28047151d0e56f8dc6292773603d0d6aabbdd62a11ef721d1542d8,normal,miamartinez@example.com
341,BenjaminClark,5e884898da28047151d0e56f8dc6292773603d0d6aabbdd62a11ef721d1542d8,normal,benjaminclark@example.com
342,EmmaThomas,5e884898da28047151d0e56f8dc6292773603d0d6aabbdd62a11ef721d1542d8,normal,emmathomas@example.com
343,AvaKing,5e884898da28047151d0e56f8dc6292773603d0d6aabbdd62a11ef721d1542d8,normal,avaking@example.com
344,WilliamHall,5e884898da28047151d0e56f8dc6292773603d0d6aabbdd62a11ef721d1542d8,normal,williamhall@example.com
345,BenjaminBrown,5e884898da28047151d0e56f8dc6292773603d0d6aabbdd62a11ef721d1542d8,normal,benjaminbrown@example.com
346,MiaMartin,5e884898da28047151d0e56f8dc6292773603d0d6aabbdd62a11ef721d1542d8,normal,miamartin@example.com
347,AvaJohnson,5e884898da28047151d0e56f8dc6292773603d0d6aabbdd62a11ef721d1542d8,normal,avajohnson@example.com
348,EmmaRodriguez,5e884898da28047151d0e56f8dc6292773603d0d6aabbdd62a11ef721d1542d8,normal,emmarodriguez@example.com
349,MichaelThompson,5e884898da28047151d0e56f8dc6292773603d0d6aabbdd62a11ef721d1542d8,normal,michaelthompson@example.com
350,WilliamMiller,5e884898da28047151d0e56f8dc6292773603d0d6aabbdd62a11ef721d1542d8,normal,williammiller@example.com
351,EmmaMoore,5e884898da28047151d0e56f8dc6292773603d0d6aabbdd62a11ef721d1542d8,normal,emmamoore@example.com
352,EllaRodriguez,5e884898da28047151d0e56f8dc6292773603d0d6aabbdd62a11ef721d1542d8,normal,ellarodriguez@example.com
353,EmilyMartinez,5e884898da28047151d0e56f8dc6292773603d0d6aabbdd62a11ef721d1542d8,normal,emilymartinez@example.com
354,LilyMartinez,5e884898da28047151d0e56f8dc6292773603d0d6aabbdd62a11ef721d1542d8,normal,lilymartinez@example.com
355,GraceRodriguez,5e884898da28047151d0e56f8dc6292773603d0d6aabbdd62a11ef721d1542d8,normal,gracerodriguez@example.com
356,DanielRobinson,5e884898da28047151d0e56f8dc6292773603d0d6aabbdd62a11ef721d1542d8,normal,danielrobinson@example.com
357,OliviaJohnson,5e884898da28047151d0e56f8dc6292773603d0d6aabbdd62a11ef721d1542d8,normal,oliviajohnson@example.com
358,LilyMartin,5e884898da28047151d0e56f8dc6292773603d0d6aabbdd62a11ef721d1542d8,normal,lilymartin@example.com
359,MatthewDavis,5e884898da28047151d0e56f8dc6292773603d0d6aabbdd62a11ef721d1542d8,normal,matthewdavis@example.com
360,SarahMartinez,5e884898da28047151d0e56f8dc6292773603d0d6aabbdd62a11ef721d1542d8,normal,sarahmartinez@example.com
361,EllaMoore,5e884898da28047151d0e56f8dc6292773603d0d6aabbdd62a11ef721d1542d8,normal,ellamoore@example.com
362,LoganJackson,5e884898da28047151d0e56f8dc6292773603d0d6aabbdd62a11ef721d1542d8,normal,loganjackson@example.com
363,SophiaYoung,5e884898da28047151d0e56f8dc6292773603d0d6aabbdd62a11ef721d1542d8,normal,sophiayoung@example.com
364,BenjaminAllen,5e884898da28047151d0e56f8dc6292773603d0d6aabbdd62a11ef721d1542d8,normal,benjaminallen@example.com
365,WilliamThomas,5e884898da28047151d0e56f8dc6292773603d0d6aabbdd62a11ef721d1542d8,normal,williamthomas@example.com
366,BenjaminDavis,5e884898da28047151d0e56f8dc6292773603d0d6aabbdd62a11ef721d1542d8,normal,benjamindavis@example.com
367,HannahSmith,5e884898da28047151d0e56f8dc6292773603d0d6aabbdd62a11ef721d1542d8,normal,hannahsmith@example.com
368,OliviaRobinson,5e884898da28047151d0e56f8dc6292773603d0d6aabbdd62a11ef721d1542d8,normal,oliviarobinson@example.com
369,NoahDavis,5e884898da28047151d0e56f8dc6292773603d0d6aabbdd62a11ef721d1542d8,normal,noahdavis@example.com
370,MadisonThompson,5e884898da28047151d0e56f8dc6292773603d0d6aabbdd62a11ef721d1542d8,normal,madisonthompson@example.com
371,SophiaDavis,5e884898da28047151d0e56f8dc6292773603d0d6aabbdd62a11ef721d1542d8,normal,sophiadavis@example.com
372,DavidJohnson,5e884898da28047151d0e56f8dc6292773603d0d6aabbdd62a11ef721d1542d8,normal,davidjohnson@example.com
373,NoahLewis,5e884898da28047151d0e56f8dc6292773603d0d6aabbdd62a11ef721d1542d8,normal,noahlewis@example.com
374,CalebAnderson,5e884898da28047151d0e56f8dc6292773603d0d6aabbdd62a11ef721d1542d8,normal,calebanderson@example.com
375,SophiaLewis,5e884898da28047151d0e56f8dc6292773603d0d6aabbdd62a11ef721d1542d8,normal,sophialewis@example.com
376,WilliamWilson,5e884898da28047151d0e56f8dc6292773603d0d6aabbdd62a11ef721d1542d8,normal,williamwilson@example.com
377,AvaGarcia,5e884898da28047151d0e56f8dc6292773603d0d6aabbdd62a11ef721d1542d8,normal,avagarcia@example.com
378,HannahLee,5e884898da28047151d0e56f8dc6292773603d0d6aabbdd62a11ef721d1542d8,normal,hannahlee@example.com
379,EthanJohnson,5e884898da28047151d0e56f8dc6292773603d0d6aabbdd62a11ef721d1542d8,normal,ethanjohnson@example.com
380,CalebHarris,5e884898da28047151d0e56f8dc6292773603d0d6aabbdd62a11ef721d1542d8,normal,calebharris@example.com
381,MichaelClark,5e884898da28047151d0e56f8dc6292773603d0d6aabbdd62a11ef721d1542d8,normal,michaelclark@example.com
382,HannahJones,5e884898da28047151d0e56f8dc6292773603d0d6aabbdd62a11ef721d1542d8,normal,hannahjones@example.com
383,EmmaJackson,5e884898da28047151d0e56f8dc6292773603d0d6aabbdd62a11ef721d1542d8,normal,emmajackson@example.com
384,AvaAnderson,5e884898da28047151d0e56f8dc6292773603d0d6aabbdd62a11ef721d1542d8,normal,avaanderson@example.com
385,EmmaMartinez,5e884898da28047151d0e56f8dc6292773603d0d6aabbdd62a11ef721d1542d8,normal,emmamartinez@example.com
386,HannahAllen,5e884898da28047151d0e56f8dc6292773603d0d6aabbdd62a11ef721d1542d8,normal,hannahallen@example.com
387,AvaLewis,5e884898da28047151d0e56f8dc6292773603d0d6aabbdd62a11ef721d1542d8,normal,avalewis@example.com
388,DavidRobinson,5e884898da28047151d0e56f8dc6292773603d0d6aabbdd62a11ef721d1542d8,normal,davidrobinson@example.com
389,EmmaMartin,5e884898da28047151d0e56f8dc6292773603d0d6aabbdd62a11ef721d1542d8,normal,emmamartin@example.com
390,LucasWilliams,5e884898da28047151d0e56f8dc6292773603d0d6aabbdd62a11ef721d1542d8,normal,lucaswilliams@example.com
391,MiaRobinson,5e884898da28047151d0e56f8dc6292773603d0d6aabbdd62a11ef721d1542d8,normal,miarobinson@example.com
392,EllaJackson,5e884898da28047151d0e56f8dc6292773603d0d6aabbdd62a11ef721d1542d8,normal,ellajackson@example.com
393,GraceJackson,5e884898da28047151d0e56f8dc6292773603d0d6aabbdd62a11ef721d1542d8,normal,gracejackson@example.com
394,MichaelYoung,5e884898da28047151d0e56f8dc6292773603d0d6aabbdd62a11ef721d1542d8,normal,michaelyoung@example.com
395,AvaHarris,5e884898da28047151d0e56f8dc6292773603d0d6aabbdd62a11ef721d1542d8,normal,avaharris@example.com
396,DanielTaylor,5e884898da28047151d0e56f8dc6292773603d0d6aabbdd62a11ef721d1542d8,normal,danieltaylor@example.com
397,OliviaAnderson,5e884898da28047151d0e56f8dc6292773603d0d6aabbdd62a11ef721d1542d8,normal,oliviaanderson@example.com
398,GraceMartin,5e884898da28047151d0e56f8dc6292773603d0d6aabbdd62a11ef721d1542d8,normal,gracemartin@example.com
399,DanielHall,5e884898da28047151d0e56f8dc6292773603d0d6aabbdd62a11ef721d1542d8,normal,danielhall@example.com
400,CalebMiller,5e884898da28047151d0e56f8dc6292773603d0d6aabbdd62a11ef721d1542d8,normal,calebmiller@example.com
401,JamesThompson,5e884898da28047151d0e56f8dc6292773603d0d6aabbdd62a11ef721d1542d8,normal,jamesthompson@example.com
402,JacobThompson,5e884898da28047151d0e56f8dc6292773603d0d6aabbdd62a11ef721d1542d8,normal,jacobthompson@example.com
403,DanielJones,5e884898da28047151d0e56f8dc6292773603d0d6aabbdd62a11ef721d1542d8,normal,danieljones@example.com
404,MatthewWright,5e884898da28047151d0e56f8dc6292773603d0d6aabbdd62a11ef721d1542d8,normal,matthewwright@example.com
405,DanielMiller,5e884898da28047151d0e56f8dc6292773603d0d6aabbdd62a11ef721d1542d8,normal,danielmiller@example.com
406,LucasBrown,5e884898da28047151d0e56f8dc6292773603d0d6aabbdd62a11ef721d1542d8,normal,lucasbrown@example.com
407,JohnSmith,5e884898da28047151d0e56f8dc6292773603d0d6aabbdd62a11ef721d1542d8,normal,johnsmith@example.com
408,MiaWilliams,5e884898da28047151d0e56f8dc6292773603d0d6aabbdd62a11ef721d1542d8,normal,miawilliams@example.com
409,HannahRodriguez,5e884898da28047151d0e56f8dc6292773603d0d6aabbdd62a11ef721d1542d8,normal,hannahrodriguez@example.com
410,JohnBrown,5e884898da28047151d0e56f8dc6292773603d0d6aabbdd62a11ef721d1542d8,normal,johnbrown@example.com
411,MichaelDavis,5e884898da28047151d0e56f8dc6292773603d0d6aabbdd62a11ef721d1542d8,normal,michaeldavis@example.com
412,WilliamMartinez,5e884898da28047151d0e56f8dc6292773603d0d6aabbdd62a11ef721d1542d8,normal,williammartinez@example.com
413,JohnWalker,5e884898da28047151d0e56f8dc6292773603d0d6aabbdd62a11ef721d1542d8,normal,johnwalker@example.com
414,AvaMiller,5e884898da28047151d0e56f8dc6292773603d0d6aabbdd62a11ef721d1542d8,normal,avamiller@example.com
415,MadisonClark,5e884898da28047151d0e56f8dc6292773603d0d6aabbdd62a11ef721d1542d8,normal,madisonclark@example.com
416,WilliamMartin,5e884898da28047151d0e56f8dc6292773603d0d6aabbdd62a11ef721d1542d8,normal,williammartin@example.com
417,OliviaTaylor,5e884898da28047151d0e56f8dc6292773603d0d6aabbdd62a11ef721d1542d8,normal,oliviataylor@example.com
418,MichaelLewis,5e884898da28047151d0e56f8dc6292773603d0d6aabbdd62a11ef721d1542d8,normal,michaellewis@example.com
419,ChloeMartinez,5e884898da28047151d0e56f8dc6292773603d0d6aabbdd62a11ef721d1542d8,normal,chloemartinez@example.com
420,HannahMoore,5e884898da28047151d0e56f8dc6292773603d0d6aabbdd62a11ef721d1542d8,normal,hannahmoore@example.com
421,MatthewWhite,5e884898da28047151d0e56f8dc6292773603d0d6aabbdd62a11ef721d1542d8,normal,matthewwhite@example.com
422,OliviaJones,5e884898da28047151d0e56f8dc6292773603d0d6aabbdd62a11ef721d1542d8,normal,oliviajones@example.com
423,IsabellaSmith,5e884898da28047151d0e56f8dc6292773603d0d6aabbdd62a11ef721d1542d8,normal,isabellasmith@example.com
424,DanielThomas,5e884898da28047151d0e56f8dc6292773603d0d6aabbdd62a11ef721d1542d8,normal,danielthomas@example.com
425,MadisonYoung,5e884898da28047151d0e56f8dc6292773603d0d6aabbdd62a11ef721d1542d8,normal,madisonyoung@example.com
426,LucasLee,5e884898da28047151d0e56f8dc6292773603d0d6aabbdd62a11ef721d1542d8,normal,lucaslee@example.com
427,JacobKing,5e884898da28047151d0e56f8dc6292773603d0d6aabbdd62a11ef721d1542d8,normal,jacobking@example.com
428,EmilyWilliams,5e884898da28047151d0e56f8dc6292773603d0d6aabbdd62a11ef721d1542d8,normal,emilywilliams@example.com
429,LilyWilliams,5e884898da28047151d0e56f8dc6292773603d0d6aabbdd62a11ef721d1542d8,normal,lilywilliams@example.com
430,IsabellaWalker,5e884898da28047151d0e56f8dc6292773603d0d6aabbdd62a11ef721d1542d8,normal,isabellawalker@example.com
431,SophiaWright,5e884898da28047151d0e56f8dc6292773603d0d6aabbdd62a11ef721d1542d8,normal,sophiawright@example.com
432,JohnLee,5e884898da28047151d0e56f8dc6292773603d0d6aabbdd62a11ef721d1542d8,normal,johnlee@example.com
433,MiaBrown,5e884898da28047151d0e56f8dc6292773603d0d6aabbdd62a11ef721d1542d8,normal,miabrown@example.com
434,MiaWalker,5e884898da28047151d0e56f8dc6292773603d0d6aabbdd62a11ef721d1542d8,normal,miawalker@example.com
435,AvaThomas,5e884898da28047151d0e56f8dc6292773603d0d6aabbdd62a11ef721d1542d8,normal,avathomas@example.com
436,LucasJones,5e884898da28047151d0e56f8dc6292773603d0d6aabbdd62a11ef721d1542d8,normal,lucasjones@example.com
437,DanielRodriguez,5e884898da28047151d0e56f8dc6292773603d0d6aabbdd62a11ef721d1542d8,normal,danielrodriguez@example.com
438,EthanAnderson,5e884898da28047151d0e56f8dc6292773603d0d6aabbdd62a11ef721d1542d8,normal,ethananderson@example.com
439,SarahWilliams,5e884898da28047151d0e56f8dc6292773603d0d6aabbdd62a11ef721d1542d8,normal,sarahwilliams@example.com
440,LucasAllen,5e884898da28047151d0e56f8dc6292773603d0d6aabbdd62a11ef721d1542d8,normal,lucasallen@example.com
441,JohnAllen,5e884898da28047151d0e56f8dc6292773603d0d6aabbdd62a11ef721d1542d8,normal,johnallen@example.com
442,CalebWilson,5e884898da28047151d0e56f8dc6292773603d0d6aabbdd62a11ef721d1542d8,normal,calebwilson@example.com
443,DanielMoore,5e884898da28047151d0e56f8dc6292773603d0d6aabbdd62a11ef721d1542d8,normal,danielmoore@example.com
444,NoahWhite,5e884898da28047151d0e56f8dc6292773603d0d6aabbdd62a11ef721d1542d8,normal,noahwhite@example.com
445,DavidTaylor,5e884898da28047151d0e56f8dc6292773603d0d6aabbdd62a11ef721d1542d8,normal,davidtaylor@example.com
446,AvaWright,5e884898da28047151d0e56f8dc6292773603d0d6aabbdd62a11ef721d1542d8,normal,avawright@example.com
447,AlexanderDavis,5e884898da28047151d0e56f8dc6292773603d0d6aabbdd62a11ef721d1542d8,normal,alexanderdavis@example.com
448,IsabellaLee,5e884898da28047151d0e56f8dc6292773603d0d6aabbdd62a11ef721d1542d8,normal,isabellalee@example.com
449,DavidHall,5e884898da28047151d0e56f8dc6292773603d0d6aabbdd62a11ef721d1542d8,normal,davidhall@example.com
450,EmilySmith,5e884898da28047151d0e56f8dc6292773603d0d6aabbdd62a11ef721d1542d8,normal,emilysmith@example.com
451,SophiaWhite,5e884898da28047151d0e56f8dc6292773603d0d6aabbdd62a11ef721d1542d8,normal,sophiawhite@example.com
452,LilySmith,5e884898da28047151d0e56f8dc6292773603d0d6aabbdd62a11ef721d1542d8,normal,lilysmith@example.com
453,DanielWilson,5e884898da28047151d0e56f8dc6292773603d0d6aabbdd62a11ef721d1542d8,normal,danielwilson@example.com
454,AlexanderLewis,5e884898da28047151d0e56f8dc6292773603d0d6aabbdd62a11ef721d1542d8,normal,alexanderlewis@example.com
455,LilyBrown,5e884898da28047151d0e56f8dc6292773603d0d6aabbdd62a11ef721d1542d8,normal,lilybrown@example.com
456,EmilyWalker,5e884898da28047151d0e56f8dc6292773603d0d6aabbdd62a11ef721d1542d8,normal,emilywalker@example.com
457,LilyWalker,5e884898da28047151d0e56f8dc6292773603d0d6aabbdd62a11ef721d1542d8,normal,lilywalker@example.com
458,DavidJones,5e884898da28047151d0e56f8dc6292773603d0d6aabbdd62a11ef721d1542d8,normal,davidjones@example.com
459,MadisonLewis,5e884898da28047151d0e56f8dc6292773603d0d6aabbdd62a11ef721d1542d8,normal,madisonlewis@example.com
460,JamesClark,5e884898da28047151d0e56f8dc6292773603d0d6aabbdd62a11ef721d1542d8,normal,jamesclark@example.com
461,OliviaRodriguez,5e884898da28047151d0e56f8dc6292773603d0d6aabbdd62a11ef721d1542d8,normal,oliviarodriguez@example.com
462,MiaJones,5e884898da28047151d0e56f8dc6292773603d0d6aabbdd62a11ef721d1542d8,normal,miajones@example.com
463,EthanHall,5e884898da28047151d0e56f8dc6292773603d0d6aabbdd62a11ef721d1542d8,normal,ethanhall@example.com
464,IsabellaDavis,5e884898da28047151d0e56f8dc6292773603d0d6aabbdd62a11ef721d1542d8,normal,isabelladavis@example.com
465,LoganClark,5e884898da28047151d0e56f8dc6292773603d0d6aabbdd62a11ef721d1542d8,normal,loganclark@example.com
466,OliviaMoore,5e884898da28047151d0e56f8dc6292773603d0d6aabbdd62a11ef721d1542d8,normal,oliviamoore@example.com
467,LucasRodriguez,5e884898da28047151d0e56f8dc6292773603d0d6aabbdd62a11ef721d1542d8,normal,lucasrodriguez@example.com
468,HannahJackson,5e884898da28047151d0e56f8dc6292773603d0d6aabbdd62a11ef721d1542d8,normal,hannahjackson@example.com
469,JamesYoung,5e884898da28047151d0e56f8dc6292773603d0d6aabbdd62a11ef721d1542d8,normal,jamesyoung@example.com
470,LilyTaylor,5e884898da28047151d0e56f8dc6292773603d0d6aabbdd62a11ef721d1542d8,normal,lilytaylor@example.com
471,JacobYoung,5e884898da28047151d0e56f8dc6292773603d0d6aabbdd62a11ef721d1542d8,normal,jacobyoung@example.com
472,EmilyLee,5e884898da28047151d0e56f8dc6292773603d0d6aabbdd62a11ef721d1542d8,normal,emilylee@example.com
473,OliviaWilson,5e884898da28047151d0e56f8dc6292773603d0d6aabbdd62a11ef721d1542d8,normal,oliviawilson@example.com
474,SarahTaylor,5e884898da28047151d0e56f8dc6292773603d0d6aabbdd62a11ef721d1542d8,normal,sarahtaylor@example.com
475,EmilyJones,5e884898da28047151d0e56f8dc6292773603d0d6aabbdd62a11ef721d1542d8,normal,emilyjones@example.com
476,EmmaWilliams,5e884898da28047151d0e56f8dc6292773603d0d6aabbdd62a11ef721d1542d8,normal,emmawilliams@example.com
477,JohnMoore,5e884898da28047151d0e56f8dc6292773603d0d6aabbdd62a11ef721d1542d8,normal,johnmoore@example.com
478,MichaelWright,5e884898da28047151d0e56f8dc6292773603d0d6aabbdd62a11ef721d1542d8,normal,michaelwright@example.com
479,LilyAllen,5e884898da28047151d0e56f8dc6292773603d0d6aabbdd62a11ef721d1542d8,normal,lilyallen@example.com
480,SarahJones,5e884898da28047151d0e56f8dc6292773603d0d6aabbdd62a11ef721d1542d8,normal,sarahjones@example.com
481,JacobGarcia,5e884898da28047151d0e56f8dc6292773603d0d6aabbdd62a11ef721d1542d8,normal,jacobgarcia@example.com
482,DavidRodriguez,5e884898da28047151d0e56f8dc6292773603d0d6aabbdd62a11ef721d1542d8,normal,davidrodriguez@example.com
483,WilliamRobinson,5e884898da28047151d0e56f8dc6292773603d0d6aabbdd62a11ef721d1542d8,normal,williamrobinson@example.com
484,SarahAllen,5e884898da28047151d0e56f8dc6292773603d0d6aabbdd62a11ef721d1542d8,normal,sarahallen@example.com
485,EthanThomas,5e884898da28047151d0e56f8dc6292773603d0d6aabbdd62a11ef721d1542d8,normal,ethanthomas@example.com
486,CalebMartin,5e884898da28047151d0e56f8dc6292773603d0d6aabbdd62a11ef721d1542d8,normal,calebmartin@example.com
487,MiaRodriguez,5e884898da28047151d0e56f8dc6292773603d0d6aabbdd62a11ef721d1542d8,normal,miarodriguez@example.com
488,JamesDavis,5e884898da28047151d0e56f8dc6292773603d0d6aabbdd62a11ef721d1542d8,normal,jamesdavis@example.com
489,DanielJackson,5e884898da28047151d0e56f8dc6292773603d0d6aabbdd62a11ef721d1542d8,normal,danieljackson@example.com
490,ChloeRobinson,5e884898da28047151d0e56f8dc6292773603d0d6aabbdd62a11ef721d1542d8,normal,chloerobinson@example.com
491,DanielMartinez,5e884898da28047151d0e56f8dc6292773603d0d6aabbdd62a11ef721d1542d8,normal,danielmartinez@example.com
492,BenjaminThompson,5e884898da28047151d0e56f8dc6292773603d0d6aabbdd62a11ef721d1542d8,normal,benjaminthompson@example.com
493,DavidMoore,5e884898da28047151d0e56f8dc6292773603d0d6aabbdd62a11ef721d1542d8,normal,davidmoore@example.com
494,LoganDavis,5e884898da28047151d0e56f8dc6292773603d0d6aabbdd62a11ef721d1542d8,normal,logandavis@example.com
495,EthanRodriguez,5e884898da28047151d0e56f8dc6292773603d0d6aabbdd62a11ef721d1542d8,normal,ethanrodriguez@example.com
496,JamesLewis,5e884898da28047151d0e56f8dc6292773603d0d6aabbdd62a11ef721d1542d8,normal,jameslewis@example.com
497,DanielMartin,5e884898da28047151d0e56f8dc6292773603d0d6aabbdd62a11ef721d1542d8,normal,danielmartin@example.com
498,EmmaSmith,5e884898da28047151d0e56f8dc6292773603d0d6aabbdd62a11ef721d1542d8,normal,emmasmith@example.com
499,EmmaClark,5e884898da28047151d0e56f8dc6292773603d0d6aabbdd62a11ef721d1542d8,normal,emmaclark@example.com
500,MichaelWhite,5e884898da28047151d0e56f8dc6292773603d0d6aabbdd62a11ef721d1542d8,normal,michaelwhite@example.com
501,MiaMoore,5e884898da28047151d0e56f8dc6292773603d0d6aabbdd62a11ef721d1542d8,normal,miamoore@example.com
502,EmmaBrown,5e884898da28047151d0e56f8dc6292773603d0d6aabbdd62a11ef721d1542d8,normal,emmabrown@example.com
503,AvaMartinez,5e884898da28047151d0e56f8dc6292773603d0d6aabbdd62a11ef721d1542d8,normal,avamartinez@example.com
504,DavidWilson,5e884898da28047151d0e56f8dc6292773603d0d6aabbdd62a11ef721d1542d8,normal,davidwilson@example.com
505,JacobHarris,5e884898da28047151d0e56f8dc6292773603d0d6aabbdd62a11ef721d1542d8,normal,jacobharris@example.com
506,EllaClark,5e884898da28047151d0e56f8dc6292773603d0d6aabbdd62a11ef721d1542d8,normal,ellaclark@example.com
507,EllaSmith,5e884898da28047151d0e56f8dc6292773603d0d6aabbdd62a11ef721d1542d8,normal,ellasmith@example.com
508,EmilyRodriguez,5e884898da28047151d0e56f8dc6292773603d0d6aabbdd62a11ef721d1542d8,normal,emilyrodriguez@example.com
509,GraceClark,5e884898da28047151d0e56f8dc6292773603d0d6aabbdd62a11ef721d1542d8,normal,graceclark@example.com
510,LilyRodriguez,5e884898da28047151d0e56f8dc6292773603d0d6aabbdd62a11ef721d1542d8,normal,lilyrodriguez@example.com
511,EllaWalker,5e884898da28047151d0e56f8dc6292773603d0d6aabbdd62a11ef721d1542d8,normal,ellawalker@example.com
512,GraceBrown,5e884898da28047151d0e56f8dc6292773603d0d6aabbdd62a11ef721d1542d8,normal,gracebrown@example.com
513,EthanWilson,5e884898da28047151d0e56f8dc6292773603d0d6aabbdd62a11ef721d1542d8,normal,ethanwilson@example.com
514,GraceWalker,5e884898da28047151d0e56f8dc6292773603d0d6aabbdd62a11ef721d1542d8,normal,gracewalker@example.com
515,MatthewJohnson,5e884898da28047151d0e56f8dc6292773603d0d6aabbdd62a11ef721d1542d8,normal,matthewjohnson@example.com
516,AlexanderWright,5e884898da28047151d0e56f8dc6292773603d0d6aabbdd62a11ef721d1542d8,normal,alexanderwright@example.com
517,MadisonWright,5e884898da28047151d0e56f8dc6292773603d0d6aabbdd62a11ef721d1542d8,normal,madisonwright@example.com
518,LilyMoore,5e884898da28047151d0e56f8dc6292773603d0d6aabbdd62a11ef721d1542d8,normal,lilymoore@example.com
519,EmmaLee,5e884898da28047151d0e56f8dc6292773603d0d6aabbdd62a11ef721d1542d8,normal,emmalee@example.com
520,BenjaminKing,5e884898da28047151d0e56f8dc6292773603d0d6aabbdd62a11ef721d1542d8,normal,benjaminking@example.com
521,LucasJackson,5e884898da28047151d0e56f8dc6292773603d0d6aabbdd62a11ef721d1542d8,normal,lucasjackson@example.com
522,SarahMoore,5e884898da28047151d0e56f8dc6292773603d0d6aabbdd62a11ef721d1542d8,normal,sarahmoore@example.com
523,AbigailAnderson,5e884898da28047151d0e56f8dc6292773603d0d6aabbdd62a11ef721d1542d8,normal,abigailanderson@example.com
524,WilliamSmith,5e884898da28047151d0e56f8dc6292773603d0d6aabbdd62a11ef721d1542d8,normal,williamsmith@example.com
525,NoahKing,5e884898da28047151d0e56f8dc6292773603d0d6aabbdd62a11ef721d1542d8,normal,noahking@example.com
526,GraceLee,5e884898da28047151d0e56f8dc6292773603d0d6aabbdd62a11ef721d1542d8,normal,gracelee@example.com
527,WilliamBrown,5e884898da28047151d0e56f8dc6292773603d0d6aabbdd62a11ef721d1542d8,normal,williambrown@example.com
528,WilliamWalker,5e884898da28047151d0e56f8dc6292773603d0d6aabbdd62a11ef721d1542d8,normal,williamwalker@example.com
529,EmmaDavis,5e884898da28047151d0e56f8dc6292773603d0d6aabbdd62a11ef721d1542d8,normal,emmadavis@example.com
530,AlexanderWhite,5e884898da28047151d0e56f8dc6292773603d0d6aabbdd62a11ef721d1542d8,normal,alexanderwhite@example.com
531,NoahJohnson,5e884898da28047151d0e56f8dc6292773603d0d6aabbdd62a11ef721d1542d8,normal,noahjohnson@example.com
532,SophiaKing,5e884898da28047151d0e56f8dc6292773603d0d6aabbdd62a11ef721d1542d8,normal,sophiaking@example.com
533,MadisonWhite,5e884898da28047151d0e56f8dc6292773603d0d6aabbdd62a11ef721d1542d8,normal,madisonwhite@example.com
534,ChloeBrown,5e884898da28047151d0e56f8dc6292773603d0d6aabbdd62a11ef721d1542d8,normal,chloebrown@example.com
535,SophiaJohnson,5e884898da28047151d0e56f8dc6292773603d0d6aabbdd62a11ef721d1542d8,normal,sophiajohnson@example.com
536,GraceAllen,5e884898da28047151d0e56f8dc6292773603d0d6aabbdd62a11ef721d1542d8,normal,graceallen@example.com
537,DavidJackson,5e884898da28047151d0e56f8dc6292773603d0d6aabbdd62a11ef721d1542d8,normal,davidjackson@example.com
538,GraceDavis,5e884898da28047151d0e56f8dc6292773603d0d6aabbdd62a11ef721d1542d8,normal,gracedavis@example.com
539,DavidMartinez,5e884898da28047151d0e56f8dc6292773603d0d6aabbdd62a11ef721d1542d8,normal,davidmartinez@example.com
540,IsabellaWhite,5e884898da28047151d0e56f8dc6292773603d0d6aabbdd62a11ef721d1542d8,normal,isabellawhite@example.com
541,DavidMartin,5e884898da28047151d0e56f8dc6292773603d0d6aabbdd62a11ef721d1542d8,normal,davidmartin@example.com
542,AbigailTaylor,5e884898da28047151d0e56f8dc6292773603d0d6aabbdd62a11ef721d1542d8,normal,abigailtaylor@example.com
543,WilliamLee,5e884898da28047151d0e56f8dc6292773603d0d6aabbdd62a11ef721d1542d8,normal,williamlee@example.com
544,EthanJackson,5e884898da28047151d0e56f8dc6292773603d0d6aabbdd62a11ef721d1542d8,normal,ethanjackson@example.com
545,AbigailHall,5e884898da28047151d0e56f8dc6292773603d0d6aabbdd62a11ef721d1542d8,normal,abigailhall@example.com
546,WilliamJones,5e884898da28047151d0e56f8dc6292773603d0d6aabbdd62a11ef721d1542d8,normal,williamjones@example.com
547,ChloeLee,5e884898da28047151d0e56f8dc6292773603d0d6aabbdd62a11ef721d1542d8,normal,chloelee@example.com
548,AbigailJones,5e884898da28047151d0e56f8dc6292773603d0d6aabbdd62a11ef721d1542d8,normal,abigailjones@example.com
549,EthanMartin,5e884898da28047151d0e56f8dc6292773603d0d6aabbdd62a11ef721d1542d8,normal,ethanmartin@example.com
550,JamesWright,5e884898da28047151d0e56f8dc6292773603d0d6aabbdd62a11ef721d1542d8,normal,jameswright@example.com
551,JacobWright,5e884898da28047151d0e56f8dc6292773603d0d6aabbdd62a11ef721d1542d8,normal,jacobwright@example.com
552,CalebRobinson,5e884898da28047151d0e56f8dc6292773603d0d6aabbdd62a11ef721d1542d8,normal,calebrobinson@example.com
553,WilliamAllen,5e884898da28047151d0e56f8dc6292773603d0d6aabbdd62a11ef721d1542d8,normal,williamallen@example.com
554,BenjaminYoung,5e884898da28047151d0e56f8dc6292773603d0d6aabbdd62a11ef721d1542d8,normal,benjaminyoung@example.com
555,EmilyJackson,5e884898da28047151d0e56f8dc6292773603d0d6aabbdd62a11ef721d1542d8,normal,emilyjackson@example.com
556,ChloeAllen,5e884898da28047151d0e56f8dc6292773603d0d6aabbdd62a11ef721d1542d8,normal,chloeallen@example.com
557,MatthewGarcia,5e884898da28047151d0e56f8dc6292773603d0d6aabbdd62a11ef721d1542d8,normal,matthewgarcia@example.com
558,NoahYoung,5e884898da28047151d0e56f8dc6292773603d0d6aabbdd62a11ef721d1542d8,normal,noahyoung@example.com
559,SarahJackson,5e884898da28047151d0e56f8dc6292773603d0d6aabbdd62a11ef721d1542d8,normal,sarahjackson@example.com
560,MatthewAnderson,5e884898da28047151d0e56f8dc6292773603d0d6aabbdd62a11ef721d1542d8,normal,matthewanderson@example.com
561,AvaRobinson,5e884898da28047151d0e56f8dc6292773603d0d6aabbdd62a11ef721d1542d8,normal,avarobinson@example.com
562,JamesWhite,5e884898da28047151d0e56f8dc6292773603d0d6aabbdd62a11ef721d1542d8,normal,jameswhite@example.com
563,GraceMoore,5e884898da28047151d0e56f8dc6292773603d0d6aabbdd62a11ef721d1542d8,normal,gracemoore@example.com
564,AbigailThomas,5e884898da28047151d0e56f8dc6292773603d0d6aabbdd62a11ef721d1542d8,normal,abigailthomas@example.com
565,NoahGarcia,5e884898da28047151d0e56f8dc6292773603d0d6aabbdd62a11ef721d1542d8,normal,noahgarcia@example.com
566,MatthewHarris,5e884898da28047151d0e56f8dc6292773603d0d6aabbdd62a11ef721d1542d8,normal,matthewharris@example.com
567,BenjaminLewis,5e884898da28047151d0e56f8dc6292773603d0d6aabbdd62a11ef721d1542d8,normal,benjaminlewis@example.com
568,JohnThompson,5e884898da28047151d0e56f8dc6292773603d0d6aabbdd62a11ef721d1542d8,normal,johnthompson@example.com
569,AbigailRodriguez,5e884898da28047151d0e56f8dc6292773603d0d6aabbdd62a11ef721d1542d8,normal,abigailrodriguez@example.com
570,SophiaGarcia,5e884898da28047151d0e56f8dc6292773603d0d6aabbdd62a11ef721d1542d8,normal,sophiagarcia@example.com
571,ChloeRodriguez,5e884898da28047151d0e56f8dc6292773603d0d6aabbdd62a11ef721d1542d8,normal,chloerodriguez@example.com
572,NoahAnderson,5e884898da28047151d0e56f8dc6292773603d0d6aabbdd62a11ef721d1542d8,normal,noahanderson@example.com
573,SophiaAnderson,5e884898da28047151d0e56f8dc6292773603d0d6aabbdd62a11ef721d1542d8,normal,sophiaanderson@example.com
574,CalebBrown,5e884898da28047151d0e56f8dc6292773603d0d6aabbdd62a11ef721d1542d8,normal,calebbrown@example.com
575,AbigailWilson,5e884898da28047151d0e56f8dc6292773603d0d6aabbdd62a11ef721d1542d8,normal,abigailwilson@example.com
576,NoahHarris,5e884898da28047151d0e56f8dc6292773603d0d6aabbdd62a11ef721d1542d8,normal,noahharris@example.com
577,DanielSmith,5e884898da28047151d0e56f8dc6292773603d0d6aabbdd62a11ef721d1542d8,normal,danielsmith@example.com
578,MiaThompson,5e884898da28047151d0e56f8dc6292773603d0d6aabbdd62a11ef721d1542d8,normal,miathompson@example.com
579,OliviaWilliams,5e884898da28047151d0e56f8dc6292773603d0d6aabbdd62a11ef721d1542d8,normal,oliviawilliams@example.com
580,SophiaHarris,5e884898da28047151d0e56f8dc6292773603d0d6aabbdd62a11ef721d1542d8,normal,sophiaharris@example.com
581,AlexanderKing,5e884898da28047151d0e56f8dc6292773603d0d6aabbdd62a11ef721d1542d8,normal,alexanderking@example.com
582,EmmaWhite,5e884898da28047151d0e56f8dc6292773603d0d6aabbdd62a11ef721d1542d8,normal,emmawhite@example.com
583,HannahDavis,5e884898da28047151d0e56f8dc6292773603d0d6aabbdd62a11ef721d1542d8,normal,hannahdavis@example.com
584,MadisonKing,5e884898da28047151d0e56f8dc6292773603d0d6aabbdd62a11ef721d1542d8,normal,madisonking@example.com
585,CalebLee,5e884898da28047151d0e56f8dc6292773603d0d6aabbdd62a11ef721d1542d8,normal,caleblee@example.com
586,AlexanderJohnson,5e884898da28047151d0e56f8dc6292773603d0d6aabbdd62a11ef721d1542d8,normal,alexanderjohnson@example.com
587,SophiaHall,5e884898da28047151d0e56f8dc6292773603d0d6aabbdd62a11ef721d1542d8,normal,sophiahall@example.com
588,CalebJones,5e884898da28047151d0e56f8dc6292773603d0d6aabbdd62a11ef721d1542d8,normal,calebjones@example.com
589,NoahMiller,5e884898da28047151d0e56f8dc6292773603d0d6aabbdd62a11ef721d1542d8,normal,noahmiller@example.com
590,EthanRobinson,5e884898da28047151d0e56f8dc6292773603d0d6aabbdd62a11ef721d1542d8,normal,ethanrobinson@example.com
591,EmilyThompson,5e884898da28047151d0e56f8dc6292773603d0d6aabbdd62a11ef721d1542d8,normal,emilythompson@example.com
592,EllaWhite,5e884898da28047151d0e56f8dc6292773603d0d6aabbdd62a11ef721d1542d8,normal,ellawhite@example.com
593,LilyThompson,5e884898da28047151d0e56f8dc6292773603d0d6aabbdd62a11ef721d1542d8,normal,lilythompson@example.com
594,OliviaClark,5e884898da28047151d0e56f8dc6292773603d0d6aabbdd62a11ef721d1542d8,normal,oliviaclark@example.com
595,OliviaBrown,5e884898da28047151d0e56f8dc6292773603d0d6aabbdd62a11ef721d1542d8,normal,oliviabrown@example.com
596,IsabellaJohnson,5e884898da28047151d0e56f8dc6292773603d0d6aabbdd62a11ef721d1542d8,normal,isabellajohnson@example.com
597,DavidWilliams,5e884898da28047151d0e56f8dc6292773603d0d6aabbdd62a11ef721d1542d8,normal,davidwilliams@example.com
598,MichaelGarcia,5e884898da28047151d0e56f8dc6292773603d0d6aabbdd62a11ef721d1542d8,normal,michaelgarcia@example.com
599,LucasClark,5e884898da28047151d0e56f8dc6292773603d0d6aabbdd62a11ef721d1542d8,normal,lucasclark@example.com
600,AvaJones,5e884898da28047151d0e56f8dc6292773603d0d6aabbdd62a11ef721d1542d8,normal,avajones@example.com
601,AvaAllen,5e884898da28047151d0e56f8dc6292773603d0d6aabbdd62a11ef721d1542d8,normal,avaallen@example.com
602,AbigailMartinez,5e884898da28047151d0e56f8dc6292773603d0d6aabbdd62a11ef721d1542d8,normal,abigailmartinez@example.com
603,MichaelAnderson,5e884898da28047151d0e56f8dc6292773603d0d6aabbdd62a11ef721d1542d8,normal,michaelanderson@example.com
604,EthanWilliams,5e884898da28047151d0e56f8dc6292773603d0d6aabbdd62a11ef721d1542d8,normal,ethanwilliams@example.com
605,BenjaminWright,5e884898da28047151d0e56f8dc6292773603d0d6aabbdd62a11ef721d1542d8,normal,benjaminwright@example.com
606,ChloeJackson,5e884898da28047151d0e56f8dc6292773603d0d6aabbdd62a11ef721d1542d8,normal,chloejackson@example.com
607,AbigailMartin,5e884898da28047151d0e56f8dc6292773603d0d6aabbdd62a11ef721d1542d8,normal,abigailmartin@example.com
608,LucasYoung,5e884898da28047151d0e56f8dc6292773603d0d6aabbdd62a11ef721d1542d8,normal,lucasyoung@example.com
609,JohnYoung,5e884898da28047151d0e56f8dc6292773603d0d6aabbdd62a11ef721d1542d8,normal,johnyoung@example.com
610,AlexanderYoung,5e884898da28047151d0e56f8dc6292773603d0d6aabbdd62a11ef721d1542d8,normal,alexanderyoung@example.com
611,DavidClark,5e884898da28047151d0e56f8dc6292773603d0d6aabbdd62a11ef721d1542d8,normal,davidclark@example.com
612,DavidSmith,5e884898da28047151d0e56f8dc6292773603d0d6aabbdd62a11ef721d1542d8,normal,davidsmith@example.com
613,MichaelHarris,5e884898da28047151d0e56f8dc6292773603d0d6aabbdd62a11ef721d1542d8,normal,michaelharris@example.com
614,OliviaAllen,5e884898da28047151d0e56f8dc6292773603d0d6aabbdd62a11ef721d1542d8,normal,oliviaallen@example.com
615,DavidWalker,5e884898da28047151d0e56f8dc6292773603d0d6aabbdd62a11ef721d1542d8,normal,davidwalker@example.com
616,mehdiouala,5e884898da28047151d0e56f8dc6292773603d0d6aabbdd62a11ef721d1542d8,admin,mehdiouala@example.com
617,imenbenz,5e884898da28047151d0e56f8dc6292773603d0d6aabbdd62a11ef721d1542d8,normal,imen@gmail.com
618,rafikk,5e884898da28047151d0e56f8dc6292773603d0d6aabbdd62a11ef721d1542d8,normal,rafik@gmail.com
