user_id,username,password
0,OliviaDavis,password
1,LoganKing,password
2,JacobJohnson,password
3,BenjaminWhite,password
4,MichaelTaylor,password
5,EthanSmith,password
6,LoganJohnson,password
7,NoahWilson,password
8,MichaelHall,password
9,EthanWalker,password
10,AlexanderGarcia,password
11,LucasDavis,password
12,SophiaWilson,password
13,EmmaThompson,password
14,MadisonGarcia,password
15,DavidLee,password
16,MichaelMiller,password
17,AlexanderAnderson,password
18,EmilyClark,password
19,JohnLewis,password
20,LilyClark,password
21,AvaMoore,password
22,MadisonAnderson,password
23,EllaThompson,password
24,IsabellaGarcia,password
25,GraceThompson,password
26,SarahClark,password
27,SarahSmith,password
28,DavidAllen,password
29,MatthewMartinez,password
30,AlexanderHarris,password
31,IsabellaAnderson,password
32,MatthewMartin,password
33,EthanJones,password
34,LilyYoung,password
35,MadisonHarris,password
36,MiaDavis,password
37,IsabellaLewis,password
38,EthanAllen,password
39,MichaelThomas,password
40,MiaLewis,password
41,EmmaKing,password
42,AlexanderHall,password
43,LoganYoung,password
44,WilliamThompson,password
45,JacobWilliams,password
46,MadisonHall,password
47,SarahLee,password
48,EllaKing,password
49,ChloeThompson,password
50,CalebJackson,password
51,EllaJohnson,password
52,EmilyDavis,password
53,JamesGarcia,password
54,LilyDavis,password
55,NoahMartin,password
56,MadisonMiller,password
57,LoganGarcia,password
58,SophiaMartin,password
59,JamesAnderson,password
60,JacobAnderson,password
61,DanielWhite,password
62,LoganAnderson,password
63,LoganLewis,password
64,AlexanderThomas,password
65,MadisonThomas,password
66,LucasWright,password
67,AbigailWilliams,password
68,LoganHarris,password
69,JohnWright,password
70,JamesTaylor,password
71,JamesHall,password
72,JacobHall,password
73,GraceYoung,password
74,JacobJones,password
75,BenjaminJohnson,password
76,EmmaGarcia,password
77,JacobMiller,password
78,LucasWhite,password
79,WilliamClark,password
80,AbigailClark,password
81,JohnWhite,password
82,MiaWright,password
83,MichaelJackson,password
84,AbigailBrown,password
85,MichaelMartinez,password
86,EllaGarcia,password
87,MichaelMartin,password
88,EmmaLewis,password
89,IsabellaWilson,password
90,EllaAnderson,password
91,BenjaminRobinson,password
92,JamesThomas,password
93,DavidWhite,password
94,EllaLewis,password
95,ChloeYoung,password
96,GraceLewis,password
97,LoganThomas,password
98,MiaWhite,password
99,EmilyWright,password
100,AbigailLee,password
101,LilyWright,password
102,JacobRodriguez,password
103,NoahRobinson,password
104,DanielThompson,password
105,MatthewWilliams,password
106,EllaHarris,password
107,SophiaRobinson,password
108,AbigailAllen,password
109,HannahJohnson,password
110,JacobMoore,password
111,AbigailDavis,password
112,WilliamLewis,password
113,MadisonJackson,password
114,JamesWilson,password
115,JacobWilson,password
116,EmilyWhite,password
117,LilyWhite,password
118,MadisonMartinez,password
119,AlexanderMartin,password
120,LoganWilson,password
121,ChloeLewis,password
122,MadisonMartin,password
123,NoahWilliams,password
124,MatthewSmith,password
125,MatthewBrown,password
126,SophiaWilliams,password
127,IsabellaMartin,password
128,MatthewTaylor,password
129,EllaThomas,password
130,BenjaminHarris,password
131,EmmaWright,password
132,NoahWalker,password
133,SophiaSmith,password
134,MatthewJones,password
135,DavidThompson,password
136,BenjaminTaylor,password
137,MatthewAllen,password
138,MichaelRobinson,password
139,BenjaminHall,password
140,EllaWright,password
141,JacobJackson,password
142,JamesMartinez,password
143,JacobMartinez,password
144,LucasKing,password
145,CalebYoung,password
146,HannahGarcia,password
147,BenjaminJones,password
148,JamesMartin,password
149,AvaSmith,password
150,AvaClark,password
151,EthanThompson,password
152,LucasJohnson,password
153,JacobMartin,password
154,NoahLee,password
155,AvaBrown,password
156,BenjaminMiller,password
157,LoganMartinez,password
158,JohnJohnson,password
159,LoganMartin,password
160,EllaWilson,password
161,HannahAnderson,password
162,NoahAllen,password
163,SophiaJones,password
164,MichaelWilliams,password
165,WilliamWright,password
166,SophiaAllen,password
167,DavidKing,password
168,MatthewRodriguez,password
169,CalebDavis,password
170,SarahThompson,password
171,MiaKing,password
172,ChloeWright,password
173,AvaLee,password
174,BenjaminThomas,password
175,MiaJohnson,password
176,JohnRobinson,password
177,AlexanderRobinson,password
178,MatthewMoore,password
179,OliviaYoung,password
180,MadisonRobinson,password
181,HannahHall,password
182,BenjaminRodriguez,password
183,WilliamWhite,password
184,DanielLewis,password
185,MichaelSmith,password
186,AbigailWhite,password
187,AvaDavis,password
188,MichaelBrown,password
189,ChloeWhite,password
190,EmilyKing,password
191,HannahMiller,password
192,IsabellaRobinson,password
193,NoahRodriguez,password
194,OliviaGarcia,password
195,LilyJohnson,password
196,SophiaRodriguez,password
197,SarahKing,password
198,EllaMartinez,password
199,AlexanderWilliams,password
200,NoahMoore,password
201,MadisonWilliams,password
202,EllaMartin,password
203,LucasGarcia,password
204,SophiaMoore,password
205,OliviaLewis,password
206,DavidYoung,password
207,IsabellaWilliams,password
208,MichaelJones,password
209,LucasAnderson,password
210,JohnAnderson,password
211,MichaelAllen,password
212,EthanYoung,password
213,AlexanderSmith,password
214,AlexanderBrown,password
215,JamesRobinson,password
216,MadisonSmith,password
217,DavidGarcia,password
218,LucasHarris,password
219,MadisonWalker,password
220,LoganRobinson,password
221,MatthewJackson,password
222,MiaGarcia,password
223,JohnHarris,password
224,LucasTaylor,password
225,HannahWilson,password
226,DavidLewis,password
227,MiaAnderson,password
228,LucasHall,password
229,BenjaminJackson,password
230,AlexanderTaylor,password
231,JohnHall,password
232,BenjaminMartinez,password
233,AlexanderLee,password
234,JamesWilliams,password
235,EmmaJohnson,password
236,BenjaminMartin,password
237,JohnJones,password
238,DavidHarris,password
239,EthanLewis,password
240,LucasMiller,password
241,AlexanderJones,password
242,LoganWilliams,password
243,LilyGarcia,password
244,NoahJackson,password
245,MiaHarris,password
246,JohnMiller,password
247,GraceKing,password
248,IsabellaTaylor,password
249,MichaelMoore,password
250,EmilyAnderson,password
251,IsabellaHall,password
252,LilyAnderson,password
253,MiaTaylor,password
254,MadisonDavis,password
255,MiaHall,password
256,IsabellaJones,password
257,JamesSmith,password
258,JacobClark,password
259,SarahLewis,password
260,LucasThomas,password
261,JacobBrown,password
262,JamesWalker,password
263,JacobWalker,password
264,JohnThomas,password
265,OliviaWright,password
266,MiaMiller,password
267,LoganBrown,password
268,LoganWalker,password
269,AvaWhite,password
270,SarahHarris,password
271,ChloeKing,password
272,EmilyTaylor,password
273,JohnRodriguez,password
274,HannahMartinez,password
275,AlexanderRodriguez,password
276,EmilyHall,password
277,LilyHall,password
278,ChloeJohnson,password
279,IsabellaThomas,password
280,JamesLee,password
281,JacobLee,password
282,LoganTaylor,password
283,OliviaWhite,password
284,EmilyMiller,password
285,MiaThomas,password
286,LucasWilson,password
287,LoganHall,password
288,LoganLee,password
289,LilyMiller,password
290,MadisonMoore,password
291,JohnWilson,password
292,IsabellaRodriguez,password
293,EllaWilliams,password
294,JamesAllen,password
295,JacobAllen,password
296,SarahMiller,password
297,DavidWright,password
298,LoganAllen,password
299,GraceGarcia,password
300,EmilyThomas,password
301,LilyThomas,password
302,NoahThompson,password
303,AbigailYoung,password
304,MiaWilson,password
305,GraceAnderson,password
306,SarahThomas,password
307,SophiaThompson,password
308,WilliamGarcia,password
309,EthanWhite,password
310,LoganRodriguez,password
311,AbigailGarcia,password
312,EmmaHall,password
313,JamesMoore,password
314,EmilyWilson,password
315,LucasMartinez,password
316,JohnJackson,password
317,EmmaJones,password
318,ChloeGarcia,password
319,EllaTaylor,password
320,WilliamAnderson,password
321,JohnMartinez,password
322,LucasMartin,password
323,LoganMoore,password
324,EllaHall,password
325,EmmaMiller,password
326,GraceHall,password
327,AbigailLewis,password
328,CalebKing,password
329,GraceJones,password
330,MatthewClark,password
331,CalebJohnson,password
332,WilliamHarris,password
333,AbigailHarris,password
334,IsabellaJackson,password
335,DavidBrown,password
336,HannahRobinson,password
337,ChloeHarris,password
338,DanielJohnson,password
339,WilliamTaylor,password
340,MiaMartinez,password
341,BenjaminClark,password
342,EmmaThomas,password
343,AvaKing,password
344,WilliamHall,password
345,BenjaminBrown,password
346,MiaMartin,password
347,AvaJohnson,password
348,EmmaRodriguez,password
349,MichaelThompson,password
350,WilliamMiller,password
351,EmmaMoore,password
352,EllaRodriguez,password
353,EmilyMartinez,password
354,LilyMartinez,password
355,GraceRodriguez,password
356,DanielRobinson,password
357,OliviaJohnson,password
358,LilyMartin,password
359,MatthewDavis,password
360,SarahMartinez,password
361,EllaMoore,password
362,LoganJackson,password
363,SophiaYoung,password
364,BenjaminAllen,password
365,WilliamThomas,password
366,BenjaminDavis,password
367,HannahSmith,password
368,OliviaRobinson,password
369,NoahDavis,password
370,MadisonThompson,password
371,SophiaDavis,password
372,DavidJohnson,password
373,NoahLewis,password
374,CalebAnderson,password
375,SophiaLewis,password
376,WilliamWilson,password
377,AvaGarcia,password
378,HannahLee,password
379,EthanJohnson,password
380,CalebHarris,password
381,MichaelClark,password
382,HannahJones,password
383,EmmaJackson,password
384,AvaAnderson,password
385,EmmaMartinez,password
386,HannahAllen,password
387,AvaLewis,password
388,DavidRobinson,password
389,EmmaMartin,password
390,LucasWilliams,password
391,MiaRobinson,password
392,EllaJackson,password
393,GraceJackson,password
394,MichaelYoung,password
395,AvaHarris,password
396,DanielTaylor,password
397,OliviaAnderson,password
398,GraceMartin,password
399,DanielHall,password
400,CalebMiller,password
401,JamesThompson,password
402,JacobThompson,password
403,DanielJones,password
404,MatthewWright,password
405,DanielMiller,password
406,LucasBrown,password
407,JohnSmith,password
408,MiaWilliams,password
409,HannahRodriguez,password
410,JohnBrown,password
411,MichaelDavis,password
412,WilliamMartinez,password
413,JohnWalker,password
414,AvaMiller,password
415,MadisonClark,password
416,WilliamMartin,password
417,OliviaTaylor,password
418,MichaelLewis,password
419,ChloeMartinez,password
420,HannahMoore,password
421,MatthewWhite,password
422,OliviaJones,password
423,IsabellaSmith,password
424,DanielThomas,password
425,MadisonYoung,password
426,LucasLee,password
427,JacobKing,password
428,EmilyWilliams,password
429,LilyWilliams,password
430,IsabellaWalker,password
431,SophiaWright,password
432,JohnLee,password
433,MiaBrown,password
434,MiaWalker,password
435,AvaThomas,password
436,LucasJones,password
437,DanielRodriguez,password
438,EthanAnderson,password
439,SarahWilliams,password
440,LucasAllen,password
441,JohnAllen,password
442,CalebWilson,password
443,DanielMoore,password
444,NoahWhite,password
445,DavidTaylor,password
446,AvaWright,password
447,AlexanderDavis,password
448,IsabellaLee,password
449,DavidHall,password
450,EmilySmith,password
451,SophiaWhite,password
452,LilySmith,password
453,DanielWilson,password
454,AlexanderLewis,password
455,LilyBrown,password
456,EmilyWalker,password
457,LilyWalker,password
458,DavidJones,password
459,MadisonLewis,password
460,JamesClark,password
461,OliviaRodriguez,password
462,MiaJones,password
463,EthanHall,password
464,IsabellaDavis,password
465,LoganClark,password
466,OliviaMoore,password
467,LucasRodriguez,password
468,HannahJackson,password
469,JamesYoung,password
470,LilyTaylor,password
471,JacobYoung,password
472,EmilyLee,password
473,OliviaWilson,password
474,SarahTaylor,password
475,EmilyJones,password
476,EmmaWilliams,password
477,JohnMoore,password
478,MichaelWright,password
479,LilyAllen,password
480,SarahJones,password
481,JacobGarcia,password
482,DavidRodriguez,password
483,WilliamRobinson,password
484,SarahAllen,password
485,EthanThomas,password
486,CalebMartin,password
487,MiaRodriguez,password
488,JamesDavis,password
489,DanielJackson,password
490,ChloeRobinson,password
491,DanielMartinez,password
492,BenjaminThompson,password
493,DavidMoore,password
494,LoganDavis,password
495,EthanRodriguez,password
496,JamesLewis,password
497,DanielMartin,password
498,EmmaSmith,password
499,EmmaClark,password
500,MichaelWhite,password
501,MiaMoore,password
502,EmmaBrown,password
503,AvaMartinez,password
504,DavidWilson,password
505,JacobHarris,password
506,EllaClark,password
507,EllaSmith,password
508,EmilyRodriguez,password
509,GraceClark,password
510,LilyRodriguez,password
511,EllaWalker,password
512,GraceBrown,password
513,EthanWilson,password
514,GraceWalker,password
515,MatthewJohnson,password
516,AlexanderWright,password
517,MadisonWright,password
518,LilyMoore,password
519,EmmaLee,password
520,BenjaminKing,password
521,LucasJackson,password
522,SarahMoore,password
523,AbigailAnderson,password
524,WilliamSmith,password
525,NoahKing,password
526,GraceLee,password
527,WilliamBrown,password
528,WilliamWalker,password
529,EmmaDavis,password
530,AlexanderWhite,password
531,NoahJohnson,password
532,SophiaKing,password
533,MadisonWhite,password
534,ChloeBrown,password
535,SophiaJohnson,password
536,GraceAllen,password
537,DavidJackson,password
538,GraceDavis,password
539,DavidMartinez,password
540,IsabellaWhite,password
541,DavidMartin,password
542,AbigailTaylor,password
543,WilliamLee,password
544,EthanJackson,password
545,AbigailHall,password
546,WilliamJones,password
547,ChloeLee,password
548,AbigailJones,password
549,EthanMartin,password
550,JamesWright,password
551,JacobWright,password
552,CalebRobinson,password
553,WilliamAllen,password
554,BenjaminYoung,password
555,EmilyJackson,password
556,ChloeAllen,password
557,MatthewGarcia,password
558,NoahYoung,password
559,SarahJackson,password
560,MatthewAnderson,password
561,AvaRobinson,password
562,JamesWhite,password
563,GraceMoore,password
564,AbigailThomas,password
565,NoahGarcia,password
566,MatthewHarris,password
567,BenjaminLewis,password
568,JohnThompson,password
569,AbigailRodriguez,password
570,SophiaGarcia,password
571,ChloeRodriguez,password
572,NoahAnderson,password
573,SophiaAnderson,password
574,CalebBrown,password
575,AbigailWilson,password
576,NoahHarris,password
577,DanielSmith,password
578,MiaThompson,password
579,OliviaWilliams,password
580,SophiaHarris,password
581,AlexanderKing,password
582,EmmaWhite,password
583,HannahDavis,password
584,MadisonKing,password
585,CalebLee,password
586,AlexanderJohnson,password
587,SophiaHall,password
588,CalebJones,password
589,NoahMiller,password
590,EthanRobinson,password
591,EmilyThompson,password
592,EllaWhite,password
593,LilyThompson,password
594,OliviaClark,password
595,OliviaBrown,password
596,IsabellaJohnson,password
597,DavidWilliams,password
598,MichaelGarcia,password
599,LucasClark,password
600,AvaJones,password
601,AvaAllen,password
602,AbigailMartinez,password
603,MichaelAnderson,password
604,EthanWilliams,password
605,BenjaminWright,password
606,ChloeJackson,password
607,AbigailMartin,password
608,LucasYoung,password
609,JohnYoung,password
610,AlexanderYoung,password
611,DavidClark,password
612,DavidSmith,password
613,MichaelHarris,password
614,OliviaAllen,password
615,DavidWalker,password
616,mehdiouala,password
